0.252302885055542,0.2,-0.0015339807878856412,0.03167867419941291,-0.24223631835321272,0.07305658322371464,0.2558122403947835
0.28703808784484863,0.2,0.0015339807878856412,0.031556968852204964,-0.24217864068248496,0.07297229611052966,0.2557517276558728
0.32083797454833984,0.2,0.03834951969714103,0.031527399341247195,-0.24238896110712685,0.07302760229401677,0.25586053368853556
0.3552870750427246,0.2,0.0674951546669682,0.031527399341247195,-0.24238896110712685,0.07275860757686173,0.25613732587302507
0.38969898223876953,0.2,0.10584467436410924,0.031727495859851226,-0.2424288518827621,0.07004004844196855,0.2616254378487692
0.6678440570831299,0.2,0.21322332951610412,0.02718139335182484,-0.24414655380295996,-0.08519075669248305,0.247890955500595
0.7015769481658936,0.2,0.21168934872821848,0.02718139335182484,-0.24414655380295996,-0.08514527817780645,0.24641873017405172
0.7465388774871826,0.2,0.21168934872821848,0.024628395956392254,-0.2448237123513801,-0.08209738961249305,0.25196240333560466
0.7788078784942627,0.2,0.21168934872821848,0.02562914150448499,-0.24508466283671745,-0.07557604640516982,0.25520443461711295
0.8104579448699951,0.2,0.2086213871524472,0.02562914150448499,-0.24508466283671745,-0.06767260088142318,0.25831195480859437
0.8418278694152832,0.2,0.20708740636456155,0.02796597752802597,-0.24497982170381555,-0.05758378471803356,0.260440061609819
0.8757028579711914,0.2,0.200951483213019,0.032886443907569285,-0.24401551895483065,-0.04686496399569644,0.2616507299760028
0.908627986907959,0.2,0.1978835216372477,0.033474882824243817,-0.24343784463731213,-0.03576977664680334,0.26263804583386746
0.9431009292602539,0.2,0.19634954084936207,0.03294271462306476,-0.2435651547749547,-0.025197680319429178,0.2623371542511964
0.9771370887756348,0.2,0.19174759848570513,0.032593269456657845,-0.24333012635622037,-0.01638884844781118,0.2600790930670461
1.011275053024292,0.2,0.19174759848570513,0.03243471462190661,-0.2426372389958952,-0.011539037898676554,0.2548364645295844
1.0470860004425049,0.2,0.1932815792735908,0.03177291478569486,-0.2418772788991573,-0.012301124387458017,0.2558904987719966
1.0819389820098877,0.2,0.1932815792735908,0.03155388855992974,-0.2417084669133704,-0.016953498021036253,0.2585755153518383
1.1162559986114502,0.2,0.19481556006147643,0.03155388855992974,-0.2417084669133704,-0.022988744523989024,0.25926689235114225
1.1539099216461182,0.2,0.19634954084936207,0.03148745965754544,-0.2414523092478296,-0.029497764480094148,0.258725123608776
1.1860909461975098,0.2,0.19634954084936207,0.03148745965754544,-0.2414523092478296,-0.03577082497577463,0.25714328483674026
1.2191190719604492,0.2,0.19634954084936207,0.031290894788157816,-0.2420115080234641,-0.041191127917486414,0.2550802714632904
1.2553319931030273,0.2,0.1978835216372477,0.03047194892628736,-0.24315974812148358,-0.04520735612881861,0.2523810950169672
1.288572072982788,0.2,0.1978835216372477,0.029950835890170772,-0.24344815217203103,-0.047494688698124746,0.2508740835358957
1.3227739334106445,0.2,0.1978835216372477,0.029950835890170772,-0.24344815217203103,-0.0483213752449895,0.25047532469319933
1.358996868133545,0.2,0.1978835216372477,0.029609159015083524,-0.24372867123925956,-0.04818305948776721,0.2510702495913703
1.393509864807129,0.2,0.1978835216372477,0.029722753596154287,-0.24333811026790148,-0.047358342119749146,0.25153493881377287
1.4278199672698975,0.2,0.1978835216372477,0.029722753596154287,-0.24333811026790148,-0.0458638044537209,0.2521839608189878
1.4662280082702637,0.2,0.1978835216372477,0.030660195032768067,-0.24344693931571285,-0.04362202477315625,0.25265847798114055
1.4979970455169678,0.2,0.1978835216372477,0.030660195032768067,-0.24344693931571285,-0.04114166505127874,0.252891315500181
1.5300419330596924,0.2,0.1978835216372477,0.031082462508573282,-0.24309319894739698,-0.03887454019138894,0.25247834021311233
1.5635900497436523,0.2,0.1978835216372477,0.031343762619984235,-0.24262689405019322,-0.03728221302929003,0.2522042713065352
1.6012749671936035,0.2,0.1978835216372477,0.03139341664328732,-0.242219802849275,-0.03659559737236003,0.25234435869216854
1.6345689296722412,0.2,0.1978835216372477,0.03139341664328732,-0.242219802849275,-0.036798060937516634,0.25264069642113496
1.6687309741973877,0.2,0.1978835216372477,0.031239723373693865,-0.24235566152819607,-0.03764817166295963,0.25278980447694593
1.7018520832061768,0.2,0.1978835216372477,0.031179879174669328,-0.24244035260261354,-0.039029371419972064,0.25259889382438905
1.7375779151916504,0.2,0.1978835216372477,0.031179879174669328,-0.24244035260261354,-0.04047851941640142,0.2523253155070592
1.7716550827026367,0.2,0.1978835216372477,0.031078136740177984,-0.24290633279540363,-0.04167071105418152,0.2519163508261936
1.806654930114746,0.2,0.1978835216372477,0.031009923830798432,-0.2435023276274442,-0.042389398802548925,0.25143589237825265
1.8408300876617432,0.2,0.1978835216372477,0.030823963348964728,-0.243601522761818,-0.042553061770606505,0.2514392689077164
1.8754119873046875,0.2,0.1978835216372477,0.030674776054332803,-0.24350910369203044,-0.04238673050970616,0.25160700652125584
1.9094669818878174,0.2,0.1978835216372477,0.03057903589266204,-0.24346123918402776,-0.042316087727783475,0.2518388046366903
1.944011926651001,0.2,0.1978835216372477,0.03056881280447132,-0.24351488038039704,-0.04227957862452813,0.2517480434363696
1.9792039394378662,0.2,0.1978835216372477,0.03065423076510264,-0.24352967668246747,-0.04210805088326869,0.2517712966307974
2.0177109241485596,0.2,0.1978835216372477,0.03076992633544494,-0.2433211796990274,-0.041794041565979136,0.2517731125213102
2.0570719242095947,0.2,0.1978835216372477,0.03084937439852769,-0.24334134338128366,-0.041625040042155934,0.2517416583627075
2.087535858154297,0.2,0.1978835216372477,0.03084937439852769,-0.24334134338128366,-0.041526312209702314,0.2515071973026524
2.117443084716797,0.2,0.1978835216372477,0.031012106123147636,-0.2434747308565318,-0.04160681736006428,0.25178702848536677
2.150908946990967,0.2,0.1978835216372477,0.031013387831468172,-0.24328647818329124,-0.04164156851881114,0.2516779549181017
2.188847064971924,0.2,0.1978835216372477,0.031019007230629527,-0.24341869873532762,-0.041606524397499046,0.25171477000955195
2.228834867477417,0.2,0.1978835216372477,0.031019007230629527,-0.24341869873532762,-0.041512155721642394,0.25172607208989456
2.259321928024292,0.0,0.1978835216372477,0.030960481022301072,-0.2435395342883624,-0.04143239593020557,0.2518189021591324
2.2896158695220947,0.0,0.1825437137583913,0.03092331410272017,-0.24352783665005542,-0.04129938435181482,0.2517799291341494
2.3236348628997803,0.0,0.17027186745530618,0.030880368798092285,-0.2435270247919693,-0.04110731190440537,0.25175432012509197
2.3577680587768555,0.0,0.1380582709097077,0.03050279036953251,-0.24363628646186958,-0.039818017099639724,0.25351009115100437
2.392112970352173,0.0,0.09357282806102411,0.03050279036953251,-0.24363628646186958,-0.033805318535516875,0.2618520710941309
2.635077953338623,0.0,-0.01227184630308513,0.029399625810920593,-0.24381865101609956,0.12168785430803405,0.26021250010906094
2.6690969467163086,0.0,-0.01227184630308513,0.03516422206512204,-0.24372259448787192,0.1252454578148543,0.2525769725121567
2.703463077545166,0.0,-0.01227184630308513,0.03617908453901923,-0.24259623623720236,0.12469553272727756,0.2551048750042079
2.7388038635253906,0.0,-0.010737865515199488,0.03617908453901923,-0.24259623623720236,0.11985859923406404,0.2596309295378944
2.772260904312134,0.0,-0.010737865515199488,0.0344647093504997,-0.2419490676955355,0.1115301435652335,0.2607984664630859
2.808475971221924,0.0,-0.009203884727313847,0.03257136490903002,-0.24248717075886012,0.10205534933343646,0.26117610648836437
2.8413400650024414,0.0,-0.007669903939428206,0.03035902643800406,-0.24290779885670635,0.0911386137239731,0.2609038888261035
2.875204086303711,0.0,-0.0030679615757712823,0.028823188347136697,-0.2433620597799795,0.07959393313964801,0.2606496793602553
2.909313917160034,0.0,0.0015339807878856412,0.028446297925943716,-0.24366216933574314,0.06840116489183834,0.2601297653183192
2.9432718753814697,0.0,0.0046019423636569235,0.028288128526721485,-0.24396328557175412,0.0587269240289576,0.2603319810824415
2.981158971786499,0.0,0.006135923151542565,0.0283733149471374,-0.24410407656441577,0.05191264828160112,0.2562347474203541
3.0138418674468994,0.0,0.006135923151542565,0.02893088812531137,-0.24388156485106482,0.051039802475429566,0.2570636852516575
3.0481319427490234,0.0,0.006135923151542565,0.029371016112553633,-0.24379090420537142,0.05477843630703911,0.2597371181180376
3.0846099853515625,0.0,0.006135923151542565,0.02984176937526657,-0.24382277385631865,0.060211945467912746,0.2608727514951383
3.1187400817871094,0.0,0.006135923151542565,0.030391722412832868,-0.24389516676085732,0.06553374156787439,0.25986780483930316
3.151726007461548,0.0,0.0046019423636569235,0.03073908101733712,-0.24415437153262184,0.07044954232330412,0.2586827985267821
3.1876869201660156,0.0,0.0046019423636569235,0.031095496059793698,-0.24450485150975187,0.07455498881349669,0.25708483880620586
3.2212390899658203,0.0,0.0046019423636569235,0.031257106519715694,-0.2442406684898154,0.07718132624603251,0.2555351366761348
3.256098985671997,0.0,0.0030679615757712823,0.031257106519715694,-0.2442406684898154,0.07809590965673202,0.2551053476072978
3.2891628742218018,0.0,0.0030679615757712823,0.031223625187569912,-0.24309143907319372,0.07726569801223318,0.2557147611227298
3.3412370681762695,0.0,0.0046019423636569235,0.031103777845062443,-0.24283135432159436,0.0752440713370803,0.2560970506381439
3.372123956680298,0.0,0.0046019423636569235,0.030982572918553445,-0.24283507803346407,0.07300977996556018,0.25609411540119775
3.4029910564422607,0.0,0.0046019423636569235,0.030982572918553445,-0.24283507803346407,0.07091547557477239,0.25561741852223957
3.434954881668091,0.0,0.0046019423636569235,0.03074070626497177,-0.2428204125305527,0.06912779598505653,0.25535619264527615
3.4696030616760254,0.0,0.0046019423636569235,0.03023071857680657,-0.24344851968329104,0.06762812846792332,0.25498714439540004
3.4997940063476562,0.0,0.0046019423636569235,0.03001754776523996,-0.24339352719543267,0.06678359370939685,0.2553655207610658
3.531183958053589,0.0,0.0046019423636569235,0.03001754776523996,-0.24339352719543267,0.06677727382154491,0.2556660926727111
3.5661890506744385,0.0,0.0046019423636569235,0.029924200728279293,-0.24386611815327014,0.06744434981812089,0.25548280163887294
3.5998690128326416,0.0,0.0046019423636569235,0.029924200728279293,-0.24386611815327014,0.06834773545318112,0.2556679543852343
3.632380962371826,0.0,0.0046019423636569235,0.02999039413168131,-0.24404093487523773,0.06885579809150996,0.25554841350999175
3.6706809997558594,0.0,0.0046019423636569235,0.030288663565232687,-0.24378151013069024,0.06894619917203326,0.25553378659228276
3.709061861038208,0.0,0.0046019423636569235,0.03041657231069558,-0.2438955086874365,0.06886692223979396,0.25538996563194355
3.7486109733581543,0.0,0.0046019423636569235,0.030421754275529216,-0.24372912681683853,0.0687653986514485,0.25555052223802516
3.7786049842834473,0.0,0.0046019423636569235,0.030421754275529216,-0.24372912681683853,0.0684470650131753,0.2555936683101353
3.808598041534424,0.0,0.0046019423636569235,0.030248015131621137,-0.24338566791276894,0.06777759964974062,0.25537252966697294
3.8418588638305664,0.0,0.0046019423636569235,0.03017027150169063,-0.24337227657303848,0.06718516576664724,0.2554193743977995
3.878005027770996,0.0,0.0046019423636569235,0.03010229567272,-0.24328721562866001,0.06696485720797837,0.25543157429777574
3.911875009536743,0.0,0.0046019423636569235,0.030092934313168087,-0.24337102837005314,0.06736842458645353,0.25547439264517297
3.9463400840759277,0.0,0.0046019423636569235,0.03012151077471274,-0.24364799606520735,0.06821876883993065,0.25550673702517857
3.980381965637207,0.0,0.0046019423636569235,0.030116614309294694,-0.24364352311828014,0.06899761166181313,0.2555322998306531
4.014993906021118,0.0,0.0046019423636569235,0.03023799965989818,-0.24367329282958275,0.06968279699763154,0.2556708613463527
4.0491859912872314,0.0,0.0046019423636569235,0.030368984002682987,-0.24372206990104434,0.07011460577216834,0.25553600040959346
4.083019971847534,0.0,0.0046019423636569235,0.030430913835139056,-0.24384652693380102,0.07024489522346028,0.2552973581031143
4.118573904037476,0.0,0.0046019423636569235,0.030454546530952954,-0.24395787120546003,0.07005933287612207,0.255328639209272
4.153507947921753,0.0,0.0046019423636569235,0.030336823466398443,-0.2438443845024904,0.06949387370889787,0.25562716742659386
4.187872886657715,0.0,0.0046019423636569235,0.03013189323322388,-0.24378954384924828,0.06851826188986845,0.2555725887875979
4.221690893173218,0.0,0.0046019423636569235,0.02991440445783826,-0.24396333489352506,0.06735311943577339,0.2553052134882716
4.2679829597473145,0.2,0.0046019423636569235,0.02991440445783826,-0.24396333489352506,0.06651794659886183,0.2555663599368679
4.298062086105347,0.2,0.018407769454627694,0.02964568738211969,-0.24389662452693167,0.06596794074774799,0.2554252218275862
4.328296899795532,0.2,0.039883500485026674,0.02943374591633472,-0.24389523566184645,0.06580461800195156,0.2554335871487967
4.361064910888672,0.2,0.07209709703062514,0.029463398893494523,-0.24410750581817767,0.06538022431510476,0.2554767395067367
4.394757032394409,0.2,0.10584467436410924,0.03046785225643047,-0.24428763342740994,0.06270650118013195,0.26004679953348636
4.671137094497681,0.2,0.21168934872821848,0.025796475689796015,-0.24568273177955002,-0.08170825958465408,0.2475966145195928
4.705358982086182,0.2,0.21015536794033285,0.023751682524849924,-0.24575051395056446,-0.0821118902470686,0.24594192879328644
4.744977951049805,0.2,0.21015536794033285,0.02324661725080411,-0.24521715670096886,-0.07953569015856855,0.25024085111932054
4.775470972061157,0.2,0.21015536794033285,0.02324661725080411,-0.24521715670096886,-0.0739953108323403,0.2532644568707912
4.809340000152588,0.2,0.21015536794033285,0.026107691879350456,-0.24613595832154492,-0.06747494458305554,0.2571114939743082
4.844121932983398,0.2,0.20708740636456155,0.02861907574826265,-0.24582255441079007,-0.05851951870922863,0.25954494723340593
4.878864049911499,0.2,0.20248546400090464,0.02861907574826265,-0.24582255441079007,-0.04845248204528141,0.2605392155130924
4.912165880203247,0.2,0.19941750242513334,0.030519371059364444,-0.24516864458633525,-0.03845996760863799,0.26129759818230913
4.946549892425537,0.2,0.19634954084936207,0.03090137481621076,-0.24462422742281942,-0.02897108973268995,0.26104871016137965
4.981867074966431,0.2,0.1932815792735908,0.030411139204380298,-0.24474600009783085,-0.020760062246226778,0.25909105685129313
5.013865947723389,0.2,0.1932815792735908,0.029906916975590746,-0.24425831169197143,-0.01574503578612929,0.25467614984413134
5.05153489112854,0.2,0.1932815792735908,0.029236330574448795,-0.2438754011306331,-0.015959329272979755,0.25487406515419775
5.085982084274292,0.2,0.1932815792735908,0.028949058270405795,-0.2436063008980801,-0.02005692367999133,0.25706788040909656
5.11968207359314,0.2,0.19481556006147643,0.028949058270405795,-0.2436063008980801,-0.02544859290014069,0.2579604002899228
5.154531955718994,0.2,0.19634954084936207,0.029118398702349953,-0.24339253363844526,-0.03108088145354835,0.25717344317695295
5.189013957977295,0.2,0.19634954084936207,0.02898650555270764,-0.24377201206561633,-0.03642080411972362,0.25547584585635635
5.225270986557007,0.2,0.19634954084936207,0.02868397502240067,-0.24428166839952772,-0.040849624570836976,0.2537195144265564
5.266221046447754,0.2,0.19634954084936207,0.02868397502240067,-0.24428166839952772,-0.043958120138214034,0.25176032125861175
5.313171863555908,0.2,0.19634954084936207,0.027640360083028753,-0.24533234514604285,-0.045611465866175004,0.2507191519214601
5.345357894897461,0.2,0.19634954084936207,0.027640360083028753,-0.24533234514604285,-0.04616588044331979,0.2507536159489116
5.385365009307861,0.2,0.19634954084936207,0.027000353151543154,-0.24521598844517284,-0.04624547767764882,0.2509779358882618
5.425605058670044,0.2,0.19634954084936207,0.02712956764608662,-0.24521429093054586,-0.04603608752449178,0.25113000401886576
5.456506967544556,0.2,0.19634954084936207,0.027456772523246367,-0.24517789749528932,-0.04505562080622521,0.2515026135361657
5.488074064254761,0.2,0.19634954084936207,0.027859608741980364,-0.24485387981196802,-0.04323487596451569,0.2520651340124226
5.518917083740234,0.2,0.19634954084936207,0.028222751824800364,-0.2449955222620857,-0.041174380593204635,0.2522452981862241
5.549768924713135,0.2,0.19634954084936207,0.028480115781464883,-0.24492612247312606,-0.03927957250752803,0.25201257496020196
5.580769062042236,0.2,0.19634954084936207,0.028635542379807925,-0.24464833953900722,-0.03808819473387377,0.2521913035090424
5.611615896224976,0.2,0.19634954084936207,0.028606847357065195,-0.24405980876245414,-0.037491844796456335,0.2520930154856067
5.64264702796936,0.2,0.19634954084936207,0.028568655204832233,-0.24396074388259698,-0.03776208136424428,0.25231399038741903
5.6737060546875,0.2,0.19634954084936207,0.02852744942129194,-0.2441015914949834,-0.03862487357935127,0.2522882059162926
5.704463958740234,0.2,0.19634954084936207,0.028464492849960825,-0.24404602580465037,-0.03977204536764024,0.2520944726440963
5.741674900054932,0.2,0.19634954084936207,0.028464492849960825,-0.24404602580465037,-0.04083807172174359,0.25180522774630115
5.775701999664307,0.2,0.19634954084936207,0.028369894412640827,-0.24495938423011082,-0.041545451408840556,0.25151139195977573
5.810322999954224,0.2,0.19634954084936207,0.028239638264927123,-0.24504177336757146,-0.041816585878141056,0.2514863456243451
5.844001054763794,0.2,0.19634954084936207,0.02805303441962242,-0.24504030439405353,-0.04184170176267485,0.25148623427552946
5.878350019454956,0.2,0.19634954084936207,0.02798570288225453,-0.24511782326986584,-0.04185576137639584,0.2514731956689897
5.912834882736206,0.2,0.19634954084936207,0.027890478441545342,-0.2450028923974829,-0.04188370440353777,0.2513727232980392
5.948437929153442,0.2,0.19634954084936207,0.027841191446489173,-0.24488102801602013,-0.04183498956190705,0.2513337718999273
5.982851982116699,0.2,0.1978835216372477,0.027841191446489173,-0.24488102801602013,-0.04176836327194422,0.2515196427021584
6.018383979797363,0.2,0.19634954084936207,0.0277479636403306,-0.24465500713392727,-0.041776323155961845,0.2516020711877393
6.052990913391113,0.2,0.19634954084936207,0.02773323082852778,-0.24457667082219747,-0.04187679940257711,0.2514417172983343
6.087187051773071,0.2,0.19634954084936207,0.02773323082852778,-0.24457667082219747,-0.041992708737340824,0.2514550542631388
6.122143030166626,0.2,0.19634954084936207,0.02767376262410682,-0.2443646098254283,-0.04199116112259146,0.2514425247282054
6.156248092651367,0.2,0.19634954084936207,0.02767201588506021,-0.24446410887967954,-0.04195555194943165,0.2513638785142507
6.18982195854187,0.2,0.19634954084936207,0.027704513613701024,-0.244653722682216,-0.04186494900931558,0.2513599055806166
6.224963903427124,0.2,0.19634954084936207,0.02777091518312203,-0.24462214738064192,-0.04166214782103193,0.25148493198492927
6.259012937545776,0.0,0.19634954084936207,0.027849132070602363,-0.24475335656083272,-0.04130245362960911,0.2516264968169184
6.293217897415161,0.0,0.18100973297050565,0.027849132070602363,-0.24475335656083272,-0.040878980108979876,0.2517403433976327
6.32817006111145,0.0,0.16873788666742054,0.02795329126508276,-0.24487115317801375,-0.04047496860476339,0.2519147494041656
6.362679958343506,0.0,0.1380582709097077,0.02764058443740871,-0.24488560391400924,-0.03912708731364833,0.25373369867611223
6.395681858062744,0.0,0.09510680884890975,0.026567287717000326,-0.24564410947816412,-0.03284714451449144,0.26185153960992924
6.638969898223877,0.0,-0.01227184630308513,0.0300495644759721,-0.24535172850353826,0.11951775618776656,0.25984907430909826
6.6732940673828125,0.0,-0.01227184630308513,0.0323795746481295,-0.24480040899177646,0.12228730983841614,0.25232147181964254
6.707347869873047,0.0,-0.01227184630308513,0.03332143731592745,-0.2437370665137996,0.12156347273263653,0.25518698768733067
6.741735935211182,0.0,-0.010737865515199488,0.03332143731592745,-0.2437370665137996,0.11670386021660833,0.25940515063323244
6.776400089263916,0.0,-0.010737865515199488,0.03148839554200204,-0.24320104959256508,0.10857199749880447,0.2600809297278827
6.811172008514404,0.0,-0.009203884727313847,0.029471991105770888,-0.24405393104617182,0.09914736420425296,0.2602989176227241
6.845221996307373,0.0,-0.007669903939428206,0.027213130672609172,-0.2440809860620675,0.08840800499870882,0.2603544954865805
6.88045597076416,0.0,-0.0030679615757712823,0.025817117371457785,-0.24442489004706577,0.07696140463770369,0.25997639110766024
6.914794921875,0.0,0.0,0.02542578170421254,-0.2450101073907466,0.06534837850812628,0.259913112323115
6.948786020278931,0.0,0.006135923151542565,0.025237841092808817,-0.24556785011035573,0.05610916499427894,0.2596231200288541
6.983322858810425,0.0,0.006135923151542565,0.02540947340044205,-0.2451227572170938,0.04974853752110076,0.2560102474733703
7.017881870269775,0.0,0.006135923151542565,0.026031542354259172,-0.24512560104658945,0.04947351179221848,0.25685155780249813
7.052254915237427,0.0,0.006135923151542565,0.02648047192303813,-0.2452032394008868,0.05372366150314148,0.2596027630381063
7.085675954818726,0.0,0.006135923151542565,0.027039565840783368,-0.24547258657840632,0.05924912515183503,0.2599818117162746
7.121912002563477,0.0,0.0046019423636569235,0.027039565840783368,-0.24547258657840632,0.06445684666338493,0.2591306914742543
7.156836032867432,0.0,0.0046019423636569235,0.02751676624831466,-0.24502061297769248,0.0691635479247766,0.25758294498520296
7.190589904785156,0.0,0.0046019423636569235,0.02824385045556535,-0.24557926267105704,0.07291012730809428,0.2559840174497357
7.2250049114227295,0.0,0.0046019423636569235,0.02824385045556535,-0.24557926267105704,0.07513459995076031,0.254777497259058
7.2594380378723145,0.0,0.0030679615757712823,0.028380268676563555,-0.24466550221318628,0.07552629895886592,0.25474101392469084
7.293680906295776,0.0,0.0030679615757712823,0.028382476806169874,-0.24420181057899962,0.074281751030292,0.2556171268324041
7.329300880432129,0.0,0.0030679615757712823,0.02821856064367202,-0.2438686298555042,0.07192498749468121,0.25585180667783564
7.363044023513794,0.0,0.0046019423636569235,0.028025595409021487,-0.24383645166040646,0.06944068836831344,0.2556300203903689
7.397993087768555,0.0,0.0046019423636569235,0.027710081908003174,-0.24384712934590635,0.0673539300123888,0.2550785093334241
7.43334698677063,0.0,0.0046019423636569235,0.027427647824435263,-0.24451219228371934,0.06580863618795092,0.25477449567121646
7.467612981796265,0.0,0.0046019423636569235,0.027427647824435263,-0.24451219228371934,0.06459891855575058,0.25442067729241663
7.50068998336792,0.0,0.0046019423636569235,0.027103329733303327,-0.24483564299708202,0.0641077210416385,0.25498295388722286
7.536300897598267,0.0,0.0046019423636569235,0.027130756885753702,-0.24496276845560688,0.06444110545331533,0.2552069360445014
7.57068395614624,0.0,0.0046019423636569235,0.027236062702850068,-0.24501203034592728,0.06551237985734028,0.25543252342589895
7.607322931289673,0.0,0.0046019423636569235,0.027236062702850068,-0.24501203034592728,0.06666744747888755,0.25547638601054506
7.64028787612915,0.0,0.0046019423636569235,0.02769060613517391,-0.24502199489539916,0.06727671018854037,0.25492434831909555
7.6737380027771,0.0,0.0046019423636569235,0.02769060613517391,-0.24502199489539916,0.06735711506602865,0.2547682911412486
7.708132982254028,0.0,0.0046019423636569235,0.027862920460841354,-0.24489183341742524,0.0671310610387923,0.25489838562017514
7.742620944976807,0.0,0.0046019423636569235,0.027811338815938464,-0.24425593516879207,0.06670851524404232,0.2551484118307247
7.776493072509766,0.0,0.0046019423636569235,0.027642230708842228,-0.24402654011990388,0.06603448952884407,0.255214243307355
7.813620090484619,0.0,0.0046019423636569235,0.027422189191854168,-0.2438222982142189,0.06516004329751333,0.2551205940826383
7.847404956817627,0.0,0.0046019423636569235,0.027292318007389006,-0.24406520433314824,0.06433746574932996,0.25486373882207236
7.881366014480591,0.0,0.0046019423636569235,0.027292318007389006,-0.24406520433314824,0.06415414910948083,0.25492789323702714
7.915405988693237,0.0,0.0046019423636569235,0.027186267545991516,-0.24459663493291467,0.06454552201097734,0.25457561256541544
7.951235055923462,0.0,0.0046019423636569235,0.027208439350044522,-0.2444686736484358,0.06543389970951304,0.25496258865793237
7.9858238697052,0.0,0.0046019423636569235,0.027323279609346125,-0.24454987099008413,0.06639003613236631,0.25526669668611485
8.021524906158447,0.0,0.0046019423636569235,0.02749575528455853,-0.24460734219888935,0.06712270831663095,0.2550960334033929
8.055279016494751,0.0,0.0046019423636569235,0.02774163204904443,-0.24470502705761327,0.06769460346638051,0.2550013561549886
8.088209867477417,0.0,0.0046019423636569235,0.02774163204904443,-0.24470502705761327,0.06804015363344529,0.25534967139310755
8.122519969940186,0.0,0.0046019423636569235,0.027931602052577213,-0.24454248231599668,0.06798657970542844,0.25518247459273286
8.156492948532104,0.0,0.0046019423636569235,0.027846167942905897,-0.2448715327274835,0.06742520031906413,0.254661009854393
8.191397905349731,0.0,0.0046019423636569235,0.02765928834792937,-0.24507240115999218,0.06661413746035841,0.2550053062676897
8.22536301612854,0.0,0.0046019423636569235,0.027443901821536686,-0.24507855131992973,0.06545036036342673,0.25488001187369025
8.261468887329102,0.2,0.0046019423636569235,0.027165928947065265,-0.24494839482048594,0.0643282595415928,0.25469240076712263
8.297743082046509,0.2,0.01687378866674205,0.027165928947065265,-0.24494839482048594,0.0637005266318769,0.25494284333970374
8.330862998962402,0.2,0.05522330836388308,0.026824339255054425,-0.2452237188758529,0.06337353972196533,0.25511771644014913
8.363801002502441,0.2,0.07056311624273949,0.026824339255054425,-0.2452237188758529,0.06279336767350752,0.2553479212226561
8.398238897323608,0.2,0.10584467436410924,0.0280372809613262,-0.24511254717286632,0.05988068411179928,0.26023117858977646
8.63997507095337,0.2,0.21168934872821848,0.025999373104809053,-0.24605515952424226,-0.07772876549277075,0.2543915334784835
8.67628288269043,0.2,0.21015536794033285,0.022983759017306014,-0.24641298134440506,-0.08321188859759626,0.2466197967276412
8.71035885810852,0.2,0.21015536794033285,0.022983759017306014,-0.24641298134440506,-0.08342280730992359,0.2454648599497443
8.744977951049805,0.2,0.21015536794033285,0.020584788231707965,-0.24729994507217362,-0.08077148698371257,0.24954838618367178
8.77856707572937,0.2,0.21015536794033285,0.021418688820957408,-0.24698454934860348,-0.07545652984771364,0.25301194270883753
8.813009977340698,0.2,0.21015536794033285,0.021418688820957408,-0.24698454934860348,-0.06881723543541761,0.25649401345030604
8.847445964813232,0.2,0.20708740636456155,0.02609031773575214,-0.24701350827065297,-0.059930982963888615,0.25878689250882536
8.881531953811646,0.2,0.20248546400090464,0.027955888023860863,-0.24630561021833908,-0.049927200860282704,0.2601400803199658
8.916850090026855,0.2,0.19941750242513334,0.027955888023860863,-0.24630561021833908,-0.03999813006661867,0.26056805291854596
8.95109486579895,0.2,0.19634954084936207,0.028332039895396875,-0.2457810940998735,-0.030617749046638613,0.26021367358463077
8.98552393913269,0.2,0.19481556006147643,0.027733866122965575,-0.24546978010900042,-0.02251853438635927,0.2581925288163688
9.01974606513977,0.2,0.1932815792735908,0.027733866122965575,-0.24546978010900042,-0.017740082953565398,0.25363111737619554
9.05460500717163,0.2,0.1932815792735908,0.02716285689703664,-0.24547046612948945,-0.018286452599774496,0.254273776231377
9.088742971420288,0.2,0.19481556006147643,0.026160232928856223,-0.24516192330651745,-0.02266203983201282,0.2567223102413945
9.12423586845398,0.2,0.19481556006147643,0.026300368779060772,-0.24460567079254344,-0.028246384738362086,0.25720163772906823
9.155471086502075,0.2,0.19634954084936207,0.02649739809229355,-0.24482410522445439,-0.03412028778737499,0.25653602158418637
9.193129062652588,0.2,0.19634954084936207,0.026478180253821253,-0.24545014064402335,-0.03942269476925237,0.25443266000074405
9.227120876312256,0.2,0.19634954084936207,0.02622243677300161,-0.24577704424442748,-0.043640317841525444,0.25233381073865185
9.261712074279785,0.2,0.19634954084936207,0.0257489013786408,-0.24554960074255422,-0.04647787360092631,0.25059707844517565
9.308223009109497,0.2,0.1978835216372477,0.02521525883647223,-0.24619186361807172,-0.04787402491433433,0.24988655230647144
9.338906049728394,0.2,0.19634954084936207,0.024806469709558486,-0.24659720262724616,-0.04827819256800713,0.25002015090584645
9.369513034820557,0.2,0.19634954084936207,0.024675667918914693,-0.24670939912112289,-0.048276180068479516,0.25000065423065415
9.400654077529907,0.2,0.19634954084936207,0.024675667918914693,-0.24670939912112289,-0.04809737291684352,0.25037934274644386
9.43502688407898,0.2,0.19634954084936207,0.025093545507631893,-0.24588558051462753,-0.0470286464900622,0.25085079422784506
9.46977186203003,0.2,0.19634954084936207,0.025474385114078724,-0.24570898189350035,-0.04512156589834424,0.251068222423096
9.503968000411987,0.2,0.19634954084936207,0.025786730063085954,-0.24551574399712187,-0.043093026835291995,0.25137894682898443
9.538191080093384,0.2,0.19634954084936207,0.02606010122651149,-0.24572859992883272,-0.04140249400253694,0.2511630264875104
9.572112083435059,0.2,0.19634954084936207,0.026236667643120413,-0.24572405246450188,-0.040278728122912125,0.2511864206165835
9.606571912765503,0.2,0.19634954084936207,0.026297166102117343,-0.24562452046466193,-0.039934347463570594,0.2513380137568173
9.641759872436523,0.2,0.19634954084936207,0.026308361703977257,-0.24563042611170036,-0.04025548539231716,0.251429729007908
9.676104068756104,0.2,0.19634954084936207,0.026306525874806783,-0.2456387800325352,-0.041203034842334674,0.2514813556441513
9.710186004638672,0.2,0.19634954084936207,0.026262496263952863,-0.24571022087716915,-0.04233896483719189,0.2510998019837222
9.744266033172607,0.2,0.19634954084936207,0.026210623648919667,-0.24579027958580862,-0.043170800604673876,0.2507580816224805
9.77898907661438,0.2,0.19634954084936207,0.026112009220870973,-0.2456396482402533,-0.043648286254653376,0.25082869737949215
9.813907861709595,0.2,0.19634954084936207,0.026112009220870973,-0.2456396482402533,-0.04369426406661408,0.2507842372851716
9.847147941589355,0.2,0.19634954084936207,0.025953558203542507,-0.2456840192789077,-0.04360387089814529,0.2507715800679196
9.883961915969849,0.2,0.19634954084936207,0.025763173692357828,-0.24548041940699797,-0.0435574292952877,0.2508376206250411
9.917775869369507,0.2,0.19634954084936207,0.025763173692357828,-0.24548041940699797,-0.04352250207620366,0.25090480818104177
9.952102899551392,0.2,0.19634954084936207,0.025800692646812406,-0.2454800254048407,-0.04331364396389744,0.2508022296345892
9.98653793334961,0.2,0.19634954084936207,0.02580949545196189,-0.24556122790365026,-0.0432941772222543,0.25089928131643524
10.021154880523682,0.2,0.19634954084936207,0.02581595308374567,-0.24558618042533942,-0.04336319719709297,0.2508824347354
10.055553913116455,0.2,0.19634954084936207,0.02581595308374567,-0.24558618042533942,-0.04358887603111373,0.25086288171835014
10.090941905975342,0.2,0.19634954084936207,0.02584203084822709,-0.24578306343966116,-0.04376325849298147,0.2507563461493489
10.124868869781494,0.2,0.19634954084936207,0.02586990143199817,-0.24576486895358773,-0.043779316853906326,0.2506846712681405
10.15904688835144,0.2,0.1978835216372477,0.02586990143199817,-0.24576486895358773,-0.043794399792370826,0.2508183659007371
10.193634986877441,0.2,0.19634954084936207,0.025946315266696312,-0.24581628298012703,-0.043693537980209,0.25080081080176325
10.228265047073364,0.2,0.19634954084936207,0.02602133050141272,-0.24565186361134148,-0.04334783392666656,0.2508384708827046
10.262738943099976,0.0,0.19634954084936207,0.026105004970426237,-0.24561924597889523,-0.04283574985646996,0.2508207539813674
10.296891927719116,0.0,0.18407769454627693,0.026105004970426237,-0.24561924597889523,-0.042340993185507464,0.2510086522155015
10.332468032836914,0.0,0.15800002115222103,0.026231800941120653,-0.24566346659648478,-0.04187676885462952,0.2511228845177083
10.366472005844116,0.0,0.14112623248547898,0.025899408295366938,-0.2455328586889271,-0.040345720172202656,0.25314604553449027
10.400534868240356,0.0,0.09970875121256667,0.02480212044279968,-0.24548556936972238,-0.034038744386718896,0.26132638586368107
10.6421480178833,0.0,-0.01227184630308513,0.028569768323736828,-0.2463717263178843,0.117584303436048,0.2591773557114728
10.67678689956665,0.0,-0.01227184630308513,0.028569768323736828,-0.2463717263178843,0.12102822249012939,0.25204522980718513
10.711319923400879,0.0,-0.010737865515199488,0.030904889637283627,-0.24528072541220747,0.12046241207393589,0.2544334039418984
10.745219945907593,0.0,-0.010737865515199488,0.031791372911802084,-0.2436830143663213,0.11587084831665091,0.2588033405697863
10.780773878097534,0.0,-0.010737865515199488,0.030052184411774988,-0.24342371950835914,0.10807558967798557,0.2600929636716907
10.816083908081055,0.0,-0.009203884727313847,0.030052184411774988,-0.24342371950835914,0.09858471489115725,0.2601593859362629
10.849369049072266,0.0,-0.006135923151542565,0.025752945351795894,-0.24399295282408726,0.08778924075531312,0.2601347317838561
10.88363003730774,0.0,-0.0030679615757712823,0.025752945351795894,-0.24399295282408726,0.07620205919182269,0.2596995679665399
10.917831897735596,0.0,0.0,0.02434178663710195,-0.24454676405031794,0.0648172706205905,0.25969335328072524
10.953218936920166,0.0,0.006135923151542565,0.023586512421607756,-0.2450600581081441,0.05488841228727334,0.2593543640695345
10.987284898757935,0.0,0.007669903939428206,0.023780166806043165,-0.24480373066116284,0.04840465433266211,0.2555646339619446
11.022098064422607,0.0,0.007669903939428206,0.024369006822003273,-0.24464597318443948,0.04817951524601304,0.2566183190726059
11.056798934936523,0.0,0.006135923151542565,0.024814161212106618,-0.24442053018657087,0.05261953725490769,0.2597006575542698
11.091409921646118,0.0,0.006135923151542565,0.025357686478518993,-0.24468508398099292,0.0581599319307811,0.25979087054311295
11.125608921051025,0.0,0.006135923151542565,0.025926172508019624,-0.24522627191001212,0.06326210681470029,0.25820237935137197
11.161624908447266,0.0,0.0046019423636569235,0.025926172508019624,-0.24522627191001212,0.06794881830087868,0.25731983099667927
11.196834087371826,0.0,0.0046019423636569235,0.02673272321191,-0.24539734844581168,0.07155411281230323,0.25559428223500863
11.228321075439453,0.0,0.0046019423636569235,0.02673272321191,-0.24539734844581168,0.07373133437050894,0.25459127477110616
11.263549089431763,0.0,0.0046019423636569235,0.026928267514448934,-0.2449446407013437,0.07394029763078395,0.25437721557495196
11.29794692993164,0.0,0.0046019423636569235,0.026933650908659647,-0.24441171747213425,0.0725693680412383,0.2553882834491309
11.332458019256592,0.0,0.006135923151542565,0.026891626212073937,-0.2438548137438311,0.07022860785508767,0.25584709067666495
11.36708688735962,0.0,0.0046019423636569235,0.026540961646194093,-0.24400684964845135,0.06768273178951272,0.255378824690199
11.400949001312256,0.0,0.0046019423636569235,0.026199840399501663,-0.24387639605677444,0.06565273560175805,0.25457450140879045
11.436161041259766,0.0,0.0046019423636569235,0.026199840399501663,-0.24387639605677444,0.06409017752518788,0.2543527862743306
11.471060037612915,0.0,0.006135923151542565,0.025613616237902762,-0.24386922886144663,0.06307309036768448,0.2544990629692805
11.506093978881836,0.0,0.0046019423636569235,0.02553798597983394,-0.2438247016964721,0.06259893409267044,0.25475535151973594
11.540066957473755,0.0,0.006135923151542565,0.025570775295201933,-0.24377677355251604,0.06302175672467761,0.25507746033603257
11.574856996536255,0.0,0.0046019423636569235,0.025570775295201933,-0.24377677355251604,0.06409068789489074,0.25510623959176343
11.610468864440918,0.0,0.006135923151542565,0.025937666424229535,-0.24394137511419045,0.06531581244903908,0.25516545981083266
11.64519190788269,0.0,0.0046019423636569235,0.026157901354554727,-0.2441449151773366,0.06604483212202428,0.25472884436452864
11.677602052688599,0.0,0.0046019423636569235,0.026295486070911183,-0.2442690796717256,0.06621448680984725,0.2547084556673077
11.713352918624878,0.0,0.0046019423636569235,0.026267726540909354,-0.24424847817036557,0.06594846969716085,0.25478257150395023
11.747148036956787,0.0,0.0046019423636569235,0.026267726540909354,-0.24424847817036557,0.06535228204395462,0.25484588007939946
11.78184986114502,0.0,0.006135923151542565,0.02597049120026191,-0.24382946125074278,0.06448582020150923,0.2547251422865556
11.816027879714966,0.0,0.0046019423636569235,0.025776061942597035,-0.24382881860293285,0.06353883270271946,0.25497969262230985
11.851046085357666,0.0,0.006135923151542565,0.025677424077049264,-0.24392508857407147,0.06275493351224481,0.2550566729207893
11.884552001953125,0.0,0.0046019423636569235,0.025628911511242924,-0.24405101932929277,0.06243998163710562,0.25470837815346087
11.917115926742554,0.0,0.006135923151542565,0.025628911511242924,-0.24405101932929277,0.06300167731051319,0.25483439865840984
11.95459794998169,0.0,0.0046019423636569235,0.025708154103016367,-0.24408185970736976,0.06402112274717972,0.25494694596205386
11.988467931747437,0.0,0.006135923151542565,0.025708154103016367,-0.24408185970736976,0.06503266148080698,0.2547593983717949
12.023144006729126,0.0,0.006135923151542565,0.025968819746182727,-0.2443245912153988,0.06594396760194225,0.25497804330301016
12.057982921600342,0.0,0.0046019423636569235,0.026116606600326425,-0.2439966775576092,0.0666079491144394,0.2550772055806045
12.09148097038269,0.0,0.006135923151542565,0.026148290813167267,-0.24408918478272343,0.06688042000687303,0.25502435878838225
12.12610387802124,0.0,0.0046019423636569235,0.0260550666087018,-0.24406952590227945,0.06675033701940872,0.25492944202600604
12.161020994186401,0.0,0.0046019423636569235,0.0260550666087018,-0.24406952590227945,0.06612682573297841,0.25473606386684194
12.195842981338501,0.0,0.0046019423636569235,0.025808674606715053,-0.24394805781801537,0.065019371472563,0.2545151401351541
12.230104923248291,0.0,0.006135923151542565,0.025078848305222338,-0.2440775272387279,0.06375176723770247,0.25459319214742593
12.264925003051758,0.2,0.0046019423636569235,0.02464008926749735,-0.24410493100265407,0.06252107569988904,0.2546586739170041
12.299540042877197,0.2,0.015339807878856412,0.02432985709172644,-0.24412618408230116,0.06145204383018245,0.2542039537698497
12.333195924758911,0.2,0.05368932757599744,0.02432985709172644,-0.24412618408230116,0.06099738166059708,0.25481879920862227
12.3677339553833,0.2,0.07056311624273949,0.02412321486992643,-0.24397372863989245,0.06019832190722076,0.25508065221901427
12.4027259349823,0.2,0.1043106935762236,0.025368647737714498,-0.24443373188199755,0.05694946587057146,0.2598081021366023
12.644731044769287,0.2,0.21168934872821848,0.023374792563009693,-0.24507244410798298,-0.07867238528331602,0.25413484282194415
12.679193019866943,0.2,0.21168934872821848,0.020442408780299227,-0.2450284350629924,-0.08366047949056349,0.2463012068768041
12.71373987197876,0.2,0.21015536794033285,0.01868640023560323,-0.24551658562332515,-0.08377212717285829,0.24563438246472777
12.74810004234314,0.2,0.21015536794033285,0.018498392869032477,-0.2460481318047993,-0.08104419458041467,0.24989052095924666
12.782480001449585,0.2,0.21015536794033285,0.019492226028736955,-0.24605870675244723,-0.0755250259213479,0.25336254407722686
12.816904067993164,0.2,0.21015536794033285,0.02173370427508781,-0.24568995491657786,-0.06860047039981794,0.2571147656504558
12.852452039718628,0.2,0.2055534255766759,0.024287755564662408,-0.24524038097122686,-0.0594698547796479,0.2594299294680957
12.886816024780273,0.2,0.20248546400090464,0.024287755564662408,-0.24524038097122686,-0.049284804969347513,0.26038281444275047
12.921710014343262,0.2,0.19941750242513334,0.026781086619240103,-0.24391425106005848,-0.039276527377545015,0.2608111336222145
12.955672979354858,0.2,0.19634954084936207,0.026781086619240103,-0.24391425106005848,-0.029934794346610148,0.2604739498731017
12.989925861358643,0.2,0.1932815792735908,0.025822212989948978,-0.24391894480625312,-0.021853191371792556,0.2578415811210087
13.023300886154175,0.2,0.1932815792735908,0.025822212989948978,-0.24391894480625312,-0.017354584252707098,0.253581769854178
13.058362007141113,0.2,0.1932815792735908,0.025271653857638802,-0.2441961801229122,-0.018219494138587568,0.2546344176551815
13.094362020492554,0.2,0.1932815792735908,0.02458506235770738,-0.24384368319690194,-0.022696714917701442,0.2567450080792222
13.128838062286377,0.2,0.19481556006147643,0.024422841337600858,-0.24223714810515481,-0.02840190943944865,0.2571829105557965
13.163115978240967,0.2,0.19634954084936207,0.02460877493225472,-0.2422643677718828,-0.034396626340437955,0.2567869371666855
13.197586059570312,0.2,0.19634954084936207,0.024567861228508143,-0.24304295165163736,-0.039858154741752846,0.2547978389537044
13.231690883636475,0.2,0.19634954084936207,0.024567861228508143,-0.24304295165163736,-0.0441150475027384,0.25261424653625153
13.26564908027649,0.2,0.1978835216372477,0.024401587994672385,-0.2444140427063679,-0.046942177707613615,0.25084986344970217
13.298511981964111,0.2,0.19634954084936207,0.02389909487228575,-0.24455805576820014,-0.04826396727566476,0.2499105808687087
13.33533787727356,0.2,0.1978835216372477,0.022650223543255195,-0.243941913490529,-0.04866253802765956,0.2500069042286318
13.369610071182251,0.2,0.19634954084936207,0.02247543808342902,-0.24410457059011342,-0.04876966945514996,0.2503330610609044
13.403733015060425,0.2,0.19634954084936207,0.022627047846624334,-0.24399244913763488,-0.04853927883118267,0.2503755709695239
13.438607931137085,0.2,0.19634954084936207,0.022976949370745698,-0.2440821856575873,-0.047540216053202536,0.2507590995705408
13.472656965255737,0.2,0.19634954084936207,0.022976949370745698,-0.2440821856575873,-0.04566866068985281,0.25108868727286676
13.507193088531494,0.2,0.19634954084936207,0.023414260315613465,-0.24409910317531455,-0.04363414005059491,0.25139456463759613
13.54208493232727,0.2,0.19634954084936207,0.024089971048568887,-0.24431567088961972,-0.041950069011401074,0.25116060257410816
13.57678508758545,0.2,0.19634954084936207,0.02425519324735375,-0.2442613744596534,-0.040910697099471836,0.2513541905543445
13.610888957977295,0.2,0.1978835216372477,0.024221784263129525,-0.24349546819147536,-0.04056762058105892,0.2515316422922922
13.645161867141724,0.2,0.19634954084936207,0.024123303716704885,-0.24332724849980303,-0.04082996149980749,0.25143688695010097
13.679619073867798,0.2,0.19634954084936207,0.024010265003546652,-0.24322110818783987,-0.0418256195962791,0.25144569163674707
13.714099884033203,0.2,0.19634954084936207,0.023882683723262674,-0.24367172585884267,-0.0429890222390631,0.25115009668766236
13.748908996582031,0.2,0.19634954084936207,0.02378986297903257,-0.24392246939565462,-0.04392768003141471,0.25098577260249777
13.78443193435669,0.2,0.1978835216372477,0.023642196083681063,-0.24396264495193462,-0.044439792373666444,0.25091101796264587
13.818180084228516,0.2,0.1978835216372477,0.023503475042892887,-0.24428935940806346,-0.04453973462778357,0.25080701206205885
13.852683067321777,0.2,0.19634954084936207,0.023503475042892887,-0.24428935940806346,-0.04447664714044847,0.2509217567135018
13.88728404045105,0.2,0.19634954084936207,0.023427163682737638,-0.24436847348194746,-0.04430706868516088,0.251044479108971
13.921139001846313,0.2,0.19634954084936207,0.023427163682737638,-0.24436847348194746,-0.04411155531273412,0.25101166768122796
13.972853899002075,0.2,0.19634954084936207,0.023454398611556904,-0.2442495741916137,-0.043925098341189274,0.25086309422597836
14.00325608253479,0.2,0.19634954084936207,0.023547967168955346,-0.2443684109202287,-0.04386772429196586,0.250972716138393
14.033704042434692,0.2,0.19634954084936207,0.023547967168955346,-0.2443684109202287,-0.04402787890921795,0.25109134555420226
14.064235925674438,0.2,0.1978835216372477,0.023422677457208545,-0.24360984305978975,-0.04420771032635083,0.25106713134994635
14.094445943832397,0.2,0.19634954084936207,0.023334526197359092,-0.24327572733184583,-0.04446975154739465,0.25126238722058375
14.128846883773804,0.2,0.1978835216372477,0.023306245944047177,-0.24313789735923874,-0.044612490450883883,0.2510741661622505
14.162937879562378,0.2,0.19634954084936207,0.023265610803444338,-0.24293466744010742,-0.04466302459503649,0.2510156680142645
14.197273015975952,0.2,0.19634954084936207,0.02327959580790803,-0.24293624790524243,-0.04451999078108829,0.25103143722602966
14.232658863067627,0.2,0.19634954084936207,0.023370720513150776,-0.24316429800815462,-0.04406462201209728,0.2508872945880472
14.267050981521606,0.0,0.19634954084936207,0.023453434820004494,-0.24332197126812777,-0.04355056990088661,0.2509044400853074
14.301487922668457,0.0,0.1856116753341626,0.023590534987765012,-0.24360072025243532,-0.04301275170672005,0.25088440828320563
14.335462093353271,0.0,0.1595340019401067,0.023632726557779777,-0.24360736545008604,-0.04255272409650585,0.25121096366705614
14.370270013809204,0.0,0.12425244381873693,0.02328135022845046,-0.24359346436053012,-0.0409477333271819,0.2541078464238972
14.404952049255371,0.0,0.10277671278833796,0.022151978841272513,-0.24437042170432655,-0.033964934428145306,0.26191055322973755
14.647062063217163,0.0,-0.01227184630308513,0.022151978841272513,-0.24437042170432655,0.11716175277020066,0.2591641205117462
14.679387092590332,0.0,-0.01227184630308513,0.028109429322898366,-0.24317713987889372,0.11993895145869715,0.2519584514376179
14.718095064163208,0.0,-0.010737865515199488,0.028883906484115016,-0.24212339488390314,0.11917922352678584,0.2549867552577475
14.752043962478638,0.0,-0.010737865515199488,0.028254260153675964,-0.241715527258217,0.11417144071895356,0.25873353363193163
14.785222053527832,0.0,-0.010737865515199488,0.02695975666002754,-0.24219975887020245,0.10635542947515184,0.25985062566418166
14.819268941879272,0.0,-0.009203884727313847,0.024809798411961882,-0.2432039174687504,0.09695394170263963,0.2601937522961441
14.85314393043518,0.0,-0.006135923151542565,0.022493988434972394,-0.24311055695891284,0.08591397906548616,0.2598362204853526
14.92259693145752,0.0,0.0,0.022493988434972394,-0.24311055695891284,0.06244751767737925,0.2598782316058534
14.957238912582397,0.0,0.007669903939428206,0.020632441237080322,-0.24373393076663302,0.052246475475857146,0.2588926525805219
14.99166989326477,0.0,0.007669903939428206,0.020723192631164976,-0.24377085024546993,0.046122087477733005,0.2555677809519848
15.025522947311401,0.0,0.007669903939428206,0.02134611477266984,-0.24317463783351217,0.0464501610107627,0.25694351673535737
15.059905052185059,0.0,0.006135923151542565,0.021788475129340554,-0.2429063277726872,0.05145257744717266,0.25999568208283763
15.094990968704224,0.0,0.006135923151542565,0.022393777629030123,-0.24303618565284904,0.057354153734100535,0.2601960215861776
15.128880977630615,0.0,0.006135923151542565,0.023036605596797467,-0.24328496700015786,0.06262705966988913,0.2588473488315039
15.164674043655396,0.0,0.0046019423636569235,0.02356365340120651,-0.2432876620973934,0.06724360017769809,0.257083894570068
15.198600053787231,0.0,0.0046019423636569235,0.024064734824594106,-0.24310113266414607,0.07104296477504186,0.2559497669104632
15.232874870300293,0.0,0.0046019423636569235,0.02424950737736455,-0.24264360586731412,0.07306028675373037,0.2545640353051072
15.267531871795654,0.0,0.0046019423636569235,0.02434030198114783,-0.24267064962269436,0.07324398564950184,0.25452003001274937
15.301536083221436,0.0,0.0046019423636569235,0.024309876583633212,-0.24268396742599874,0.0717105815944009,0.2554867278765085
15.336724042892456,0.0,0.0046019423636569235,0.024104135646683372,-0.24242595482211635,0.06910522006645754,0.25560691504353733
15.369037866592407,0.0,0.0046019423636569235,0.023849851543850942,-0.24245145389226372,0.06645767067694894,0.2553169582934585
15.405863046646118,0.0,0.006135923151542565,0.023470713999711044,-0.24262754422940694,0.06423405708379203,0.2545660177672866
15.440598964691162,0.0,0.0046019423636569235,0.023162183951880674,-0.24286521139856135,0.06254231187099533,0.2541191430821685
15.474843978881836,0.0,0.006135923151542565,0.022986466469880715,-0.24291565317051267,0.06132909208792137,0.2545510586669332
15.50895094871521,0.0,0.0046019423636569235,0.022986466469880715,-0.24291565317051267,0.0608945392865395,0.2547728398101583
15.543447971343994,0.0,0.0046019423636569235,0.02302164085043093,-0.2426465749406663,0.06147543162885255,0.25535250830677847
15.577629089355469,0.0,0.0046019423636569235,0.02302164085043093,-0.2426465749406663,0.06274492165165588,0.25543842988724097
15.613107919692993,0.0,0.0046019423636569235,0.023453235395458624,-0.24258545295063794,0.06396664797778367,0.25529090152076395
15.647998094558716,0.0,0.006135923151542565,0.02369869776991561,-0.2425071476885287,0.06465406022563837,0.25497823749696447
15.682106971740723,0.0,0.006135923151542565,0.0238591361146934,-0.24270042487756602,0.06472990844187697,0.2544090732474069
15.717092037200928,0.0,0.0046019423636569235,0.023867102276391973,-0.24264879726971453,0.06467058711736784,0.25491624301800647
15.750886917114258,0.0,0.0046019423636569235,0.023758231142512284,-0.24271319621833173,0.06415067477891671,0.25510457266998326
15.785144090652466,0.0,0.006135923151542565,0.023758231142512284,-0.24271319621833173,0.06328982714158546,0.2550558033539187
15.819969892501831,0.0,0.006135923151542565,0.023324799952661984,-0.2425119424524434,0.06216726387525854,0.2548670760889925
15.855486869812012,0.0,0.006135923151542565,0.023113997929727594,-0.24246005112444144,0.061212329597090116,0.254731016256016
15.889815092086792,0.0,0.006135923151542565,0.023113997929727594,-0.24246005112444144,0.06101771696492834,0.25497345278076505
15.923249959945679,0.0,0.0046019423636569235,0.02308646875215892,-0.2427153631389775,0.061514401210636865,0.25487540587946383
15.95777702331543,0.0,0.0046019423636569235,0.023159855247031368,-0.24281100751883847,0.06247458271391022,0.2547421623071481
15.991983890533447,0.0,0.006135923151542565,0.023159855247031368,-0.24281100751883847,0.0634838047936032,0.25476493010311124
16.027225017547607,0.0,0.0046019423636569235,0.023353306435565054,-0.24281079654894758,0.06447308723739076,0.25536522600836975
16.06019687652588,0.0,0.006135923151542565,0.023860836566277792,-0.24265272352299094,0.06526885348337524,0.25534524744338627
16.09729790687561,0.0,0.0046019423636569235,0.023860836566277792,-0.24265272352299094,0.06578687425720914,0.2553477683860239
16.130321979522705,0.0,0.006135923151542565,0.024000761969406724,-0.24270655951669692,0.0657233172711759,0.25499117521041875
16.16466188430786,0.0,0.0046019423636569235,0.024000761969406724,-0.24270655951669692,0.0651883044656591,0.2547956460200007
16.19936490058899,0.0,0.0046019423636569235,0.023868147543495595,-0.24252829090682793,0.0641799366699965,0.25487398047140114
16.233908891677856,0.0,0.0046019423636569235,0.02324955211820876,-0.2426279813418348,0.06299471537027618,0.25478133999272357
16.268310070037842,0.2,0.006135923151542565,0.022939703247665876,-0.24266498118678828,0.06172786930404657,0.25463486966814947
16.303592920303345,0.2,0.01227184630308513,0.022691640764035393,-0.24296107344528375,0.06085282635496961,0.25484965515877583
16.337831020355225,0.2,0.0521553467881118,0.022570457966143896,-0.24292864158121988,0.06038702318654535,0.25489486960294183
16.372091054916382,0.2,0.08283496254582462,0.02282297898022002,-0.242892914040662,0.05962213991157915,0.2552538708031064
16.406893968582153,0.2,0.10124273200045232,0.02387770429403998,-0.2429145746657064,0.05632216545306801,0.2601368515904037
16.649028062820435,0.2,0.21168934872821848,0.021908940563064663,-0.24351177203189037,-0.07846195963091362,0.25470361486999993
16.683357000350952,0.2,0.21015536794033285,0.019000633568282976,-0.2437279779018031,-0.08338814482229165,0.24674550905585993
16.71775197982788,0.2,0.21015536794033285,0.019000633568282976,-0.2437279779018031,-0.08356003867364191,0.24610658494411006
16.750202894210815,0.2,0.21015536794033285,0.017272691507023274,-0.24397451771613587,-0.08090191660192426,0.2504316141783417
16.78703999519348,0.2,0.21015536794033285,0.018193594745075755,-0.2443958094171339,-0.07557618293026591,0.2542405482426904
16.821264028549194,0.2,0.21015536794033285,0.020485027262439573,-0.2441199810032256,-0.06850209487469335,0.2577716941521943
16.857784032821655,0.2,0.20708740636456155,0.023091531540524988,-0.24331566184690076,-0.05930058992254991,0.2605058132774078
16.89177107810974,0.2,0.200951483213019,0.023091531540524988,-0.24331566184690076,-0.04886216008835513,0.2614072602882451
16.92462992668152,0.2,0.200951483213019,0.02497621273505478,-0.24276669665494224,-0.03877570445856965,0.2619334379668993
16.95875906944275,0.2,0.19634954084936207,0.025668781514391063,-0.24218252086247852,-0.029089199528396066,0.26084810464975056
16.994370937347412,0.2,0.19174759848570513,0.024882004695195678,-0.24241222834802068,-0.020897285413536193,0.2588625506634186
17.02854895591736,0.2,0.19174759848570513,0.024346553925812735,-0.24246305281487815,-0.016291968576656206,0.2542548313141029
17.062886953353882,0.2,0.1932815792735908,0.024346553925812735,-0.24246305281487815,-0.017241754850648567,0.2553068696441441
17.097246885299683,0.2,0.1932815792735908,0.02362784435138179,-0.24158387702657666,-0.021852078015350683,0.25745657503917474
17.13260507583618,0.2,0.19481556006147643,0.023605521592516093,-0.2407041859200015,-0.027593382295255743,0.25789611058028433
17.16562008857727,0.2,0.19634954084936207,0.023605521592516093,-0.2407041859200015,-0.033674205990360896,0.2575638711808717
17.200057983398438,0.2,0.19634954084936207,0.02375582500089145,-0.2414249480981185,-0.039194084913488504,0.25543884330097594
17.23632788658142,0.2,0.19634954084936207,0.02375582500089145,-0.2414249480981185,-0.04363789890148135,0.2532836297756946
17.26974892616272,0.2,0.19634954084936207,0.023560991553482794,-0.24234569321150506,-0.046621209078286346,0.25172056909270163
17.30415105819702,0.2,0.19634954084936207,0.022505571628513125,-0.24254809357594928,-0.04801246013552544,0.25111722364818095
17.338655948638916,0.2,0.19634954084936207,0.022045792905525424,-0.24285176970844302,-0.048303201945794044,0.25079879883792255
17.373180866241455,0.2,0.19634954084936207,0.021883314343760094,-0.24284345710743438,-0.04830717234255324,0.2508618501593148
17.407999992370605,0.2,0.19634954084936207,0.021883314343760094,-0.24284345710743438,-0.0480373228095587,0.25118264426851317
17.44101095199585,0.2,0.1978835216372477,0.022495993397042967,-0.2425964851264887,-0.04698954230509213,0.25190583458684257
17.477659940719604,0.2,0.19634954084936207,0.022922845064947274,-0.24244078800724184,-0.044935108307927976,0.25200812015971596
17.513740062713623,0.2,0.19634954084936207,0.023270690231220456,-0.24235062202215218,-0.042810841094991,0.25192043793930247
17.545814990997314,0.2,0.19634954084936207,0.023270690231220456,-0.24235062202215218,-0.04111682720365958,0.2521748956193884
17.580272912979126,0.2,0.19634954084936207,0.023641320767227157,-0.2416181791661949,-0.04000534815175618,0.25211909637604646
17.61480402946472,0.2,0.19634954084936207,0.023639129344321688,-0.24161885027759247,-0.0396934765203748,0.25207697991498207
17.64938187599182,0.2,0.19634954084936207,0.023527844049269882,-0.24171961303045084,-0.04005029954909507,0.25194976679391257
17.684256076812744,0.2,0.19634954084936207,0.023527844049269882,-0.24171961303045084,-0.04108116967987581,0.25216675012254436
17.71871304512024,0.2,0.19634954084936207,0.023346990292311066,-0.2415674969340526,-0.04230377384757237,0.2519823458153878
17.753591060638428,0.2,0.19634954084936207,0.023257760286042047,-0.2420561875849549,-0.04332936362987095,0.25168058172495217
17.788168907165527,0.2,0.19634954084936207,0.023257760286042047,-0.2420561875849549,-0.04380536335744403,0.25134127762351777
17.82156991958618,0.2,0.19634954084936207,0.023048775489741245,-0.24229025481798663,-0.04388434072887161,0.2516038733127093
17.86828589439392,0.2,0.19634954084936207,0.023007866518030523,-0.24231031302687644,-0.04368539022362745,0.25173280058388364
17.898504972457886,0.2,0.19634954084936207,0.023007866518030523,-0.24231031302687644,-0.04354401597350878,0.25166383555954247
17.929560899734497,0.2,0.19634954084936207,0.023126711089108312,-0.24244649205589427,-0.04335093248537208,0.2514754306133638
17.960556983947754,0.2,0.19634954084936207,0.02316794991030993,-0.24230175281048183,-0.04313956091132735,0.25162931578907005
17.995137929916382,0.2,0.19634954084936207,0.02318117132280826,-0.24196832261169235,-0.04303763341948516,0.25180312298855895
18.02932095527649,0.2,0.19634954084936207,0.02313296534052795,-0.24202353610881633,-0.043160175892506404,0.25148545459821897
18.063544034957886,0.2,0.1978835216372477,0.023064044770593067,-0.24210395937571258,-0.04346797298553962,0.25159136194521337
18.098764896392822,0.2,0.19634954084936207,0.022994318636833596,-0.24182045282722608,-0.04370881431801851,0.25170855757301175
18.13089394569397,0.2,0.19634954084936207,0.022905799391134022,-0.24156347049135551,-0.04391820730019689,0.2518299619853279
18.168248891830444,0.2,0.19634954084936207,0.022888321525134637,-0.2419194861294841,-0.04398540084825897,0.2515560919708192
18.20196294784546,0.2,0.19634954084936207,0.022903852123565115,-0.24220060822064332,-0.04389929359738757,0.2514651476970708
18.236375093460083,0.2,0.19634954084936207,0.02301057131603263,-0.24202996581450628,-0.04351529523495688,0.2517021586294119
18.27149987220764,0.0,0.19634954084936207,0.023151581175991285,-0.24197940082336244,-0.04296629384752697,0.2516778218693965
18.306861877441406,0.0,0.18867963690993386,0.023151581175991285,-0.24197940082336244,-0.04236502155223109,0.25147631630007977
18.340003967285156,0.0,0.16260196351587797,0.023303222815829163,-0.24216564709967672,-0.041845059052432174,0.25206907937362505
18.375619888305664,0.0,0.12732040539450823,0.02294982335437124,-0.24228818214158487,-0.039966576316177296,0.25501107857584404
18.410500049591064,0.0,0.08130098175793898,0.021741448826332905,-0.24279879941041732,-0.032708639738246816,0.2628013419065484
18.65082597732544,0.0,-0.01227184630308513,0.02578442933359869,-0.2431557187057661,0.1178107964015007,0.2597424127539943
18.68497395515442,0.0,-0.01227184630308513,0.028120791452631074,-0.24209461581883365,0.12046915551687942,0.25242231970306706
18.719956874847412,0.0,-0.010737865515199488,0.028834164943299594,-0.24064295234192812,0.11963442207822068,0.25531276674875286
18.753331899642944,0.0,-0.010737865515199488,0.02821390680458889,-0.24048977283634979,0.11476337378572476,0.25936092464779903
18.788153886795044,0.0,-0.010737865515199488,0.02686685847025786,-0.24074743158396478,0.106976165591088,0.260556186406557
18.82086205482483,0.0,-0.009203884727313847,0.024649188282635674,-0.24128368600079617,0.09736554611705303,0.26090443416111603
18.858075857162476,0.0,-0.006135923151542565,0.022408140034442647,-0.2417945222960102,0.08626338619764605,0.2607933636335968
18.89259386062622,0.0,-0.0015339807878856412,0.02102060112398045,-0.24215810139211916,0.0742718126039037,0.26036021857990954
18.92696499824524,0.0,0.0,0.020485509346404224,-0.24287577971525534,0.06240318786871186,0.26014584611522756
18.961113929748535,0.0,0.007669903939428206,0.02026136280244879,-0.242948418907027,0.052226605637155935,0.25988106502618036
18.996063947677612,0.0,0.007669903939428206,0.02026136280244879,-0.242948418907027,0.04622496343759283,0.2558727796854289
19.02948307991028,0.0,0.007669903939428206,0.021209398236945926,-0.24256793254468,0.04677200790890752,0.25706591030302695
19.06489086151123,0.0,0.007669903939428206,0.021737398098646374,-0.24264753126436325,0.05189784137913488,0.26051322744090855
19.098984003067017,0.0,0.006135923151542565,0.022379693649817158,-0.24279103957112957,0.05765881877205881,0.2605644913155741
19.134007930755615,0.0,0.006135923151542565,0.022975362756898415,-0.24261308627626835,0.06291237869125735,0.25934447242451375
19.168344974517822,0.0,0.006135923151542565,0.022975362756898415,-0.24261308627626835,0.06746234475139827,0.2573240876185335
19.203468084335327,0.0,0.006135923151542565,0.02350705878621653,-0.2428515387283339,0.07126336575321579,0.2561557796172459
19.23689103126526,0.0,0.0046019423636569235,0.02414271307074601,-0.24249903297373293,0.07320622564378283,0.2549660178650193
19.28364396095276,0.0,0.0046019423636569235,0.024050957305997007,-0.24153717097264926,0.0733164797301483,0.2551298499526592
19.313560009002686,0.0,0.0046019423636569235,0.023878464535320453,-0.24131782761454607,0.07166863764744309,0.2558559804406678
19.343334913253784,0.0,0.0046019423636569235,0.02354749853809522,-0.24100609820327962,0.06899205628500506,0.25600562244455416
19.375277042388916,0.0,0.0046019423636569235,0.023255456736848118,-0.24099053324090358,0.06618696574062377,0.2555327022637651
19.411393880844116,0.0,0.006135923151542565,0.023255456736848118,-0.24099053324090358,0.06391652754400833,0.25513899080957514
19.44390296936035,0.0,0.006135923151542565,0.022578360312341166,-0.2416393911693137,0.06207818559539288,0.25465146507373304
19.47829508781433,0.0,0.006135923151542565,0.022578360312341166,-0.2416393911693137,0.06079065149667215,0.2545141196341574
19.510660886764526,0.0,0.006135923151542565,0.022416148735342617,-0.24198587263160964,0.06037525662507345,0.2550508642228768
19.54879903793335,0.0,0.006135923151542565,0.02252170481904916,-0.24179522656267977,0.06108709249643366,0.2557469602017921
19.581942081451416,0.0,0.006135923151542565,0.02274036949548587,-0.24202031084792183,0.0625030957271007,0.2557663443907534
19.616831064224243,0.0,0.006135923151542565,0.022984964530822806,-0.24241691384518055,0.06369798729617455,0.2553699431320391
19.651335954666138,0.0,0.006135923151542565,0.022984964530822806,-0.24241691384518055,0.06446958615482401,0.2553162354791355
19.68618893623352,0.0,0.006135923151542565,0.023286347933833988,-0.241865088831575,0.06462983751702368,0.25517499143544287
19.720035076141357,0.0,0.006135923151542565,0.023286347933833988,-0.241865088831575,0.06435458249619726,0.2549661261958859
19.756457090377808,0.0,0.006135923151542565,0.023041022357206918,-0.24140026810002568,0.06381891134422112,0.25518610988816987
19.790971040725708,0.0,0.006135923151542565,0.02277007869367836,-0.24126813461050475,0.06293347897113201,0.25556895114048256
19.82565188407898,0.0,0.006135923151542565,0.022509326654476282,-0.24125576266756943,0.06162622883699848,0.2554715313451071
19.8592369556427,0.0,0.006135923151542565,0.022342089302033453,-0.2413125851823595,0.060627128068971636,0.2550566543197145
19.89315390586853,0.0,0.006135923151542565,0.022317720738048892,-0.24140203879660935,0.06037543363294832,0.25498871802819345
19.92719602584839,0.0,0.006135923151542565,0.022317720738048892,-0.24140203879660935,0.060919403339759724,0.2549622408216694
19.961776971817017,0.0,0.006135923151542565,0.02236468906579471,-0.24149229864352512,0.061980160944502434,0.2552088877025356
19.99718689918518,0.0,0.006135923151542565,0.02271846043452004,-0.24150546888495258,0.06316103820130965,0.25508527403411463
20.031516075134277,0.0,0.006135923151542565,0.023059044480867676,-0.2413436219553608,0.06423176690192275,0.25552094952000887
20.066041946411133,0.0,0.006135923151542565,0.023475750822914008,-0.24136671851591598,0.06505585185949904,0.25544664459892014
20.100579023361206,0.0,0.006135923151542565,0.023755816717829073,-0.2415258122382839,0.06554256796310783,0.25552522319885396
20.135238885879517,0.0,0.006135923151542565,0.02379468106285751,-0.24157937811958655,0.06556474801941278,0.2555010872616747
20.169370889663696,0.0,0.006135923151542565,0.023634630712248167,-0.24202538973805005,0.06499663987503511,0.2551603261774441
20.201884984970093,0.0,0.006135923151542565,0.02328608119211556,-0.2420871752713127,0.06407719328238778,0.25519938348964233
20.238969087600708,0.0,0.0046019423636569235,0.02328608119211556,-0.2420871752713127,0.06286192875333207,0.25529760197510637
20.272696018218994,0.0,0.006135923151542565,0.022893793747988424,-0.24234873213669178,0.06116715935786256,0.25452561352773934
20.307025909423828,0.0,0.006135923151542565,0.022073852005607627,-0.24219218330414752,0.06026480831116666,0.2549568808774656
20.341386079788208,0.0,0.006135923151542565,0.021961344038021784,-0.24205170204422544,0.059638869470022594,0.25486192878789626
20.375662088394165,0.0,0.006135923151542565,0.021961344038021784,-0.24205170204422544,0.05976559609531864,0.25509861072928663
20.41084098815918,0.0,0.006135923151542565,0.02218346143881185,-0.24153979548950272,0.060533853449468024,0.25519304552434996
20.44607400894165,0.0,0.006135923151542565,0.02251650543416068,-0.24152022159993008,0.061713548352933564,0.2552867839916262
20.481201887130737,0.0,0.006135923151542565,0.02289841064316554,-0.24148324916533392,0.06307630766564017,0.25533193696228945
20.51481008529663,0.0,0.006135923151542565,0.023284402463972575,-0.24133091811991078,0.06433161953097033,0.2555205888092795
20.54913091659546,0.0,0.006135923151542565,0.023579289713144613,-0.24132428841586645,0.06536871833743867,0.25545499468872684
20.582942008972168,0.0,0.006135923151542565,0.02372815239212001,-0.24151631802468151,0.06596499833415469,0.25533869568819595
20.617743015289307,0.0,0.006135923151542565,0.023750226598970164,-0.24145632978676468,0.06596238248363863,0.2553545173569286
20.65249800682068,0.0,0.006135923151542565,0.023608871168193622,-0.24128338004942498,0.06536579958699437,0.2554438177962628
20.687283992767334,0.0,0.006135923151542565,0.023608871168193622,-0.24128338004942498,0.06425721717522678,0.25534662505303063
20.724612951278687,0.0,0.006135923151542565,0.023449909889387017,-0.2412825365339559,0.06317335930892422,0.2552233813226288
20.756146907806396,0.0,0.006135923151542565,0.02323317517693993,-0.24141455230597156,0.06215286859293905,0.25469174013891394
20.79071307182312,0.0,0.006135923151542565,0.022761562059325356,-0.24142343032683014,0.06153700695706944,0.2552607700296198
20.82547688484192,0.0,0.006135923151542565,0.02263358680129063,-0.24128040730170258,0.06108588911045638,0.25500199466413126
20.864431858062744,0.0,0.006135923151542565,0.022662184039800495,-0.24132809079343406,0.061153710210413444,0.25514726525910214
20.894283056259155,0.0,0.006135923151542565,0.022794997045314375,-0.2413409767527277,0.061655642684735605,0.2554243538293077
20.928586959838867,0.0,0.006135923151542565,0.022962052516066634,-0.24121726161630422,0.06251443440807054,0.25537520442069256
20.962944984436035,0.0,0.006135923151542565,0.023121091284484918,-0.24114625789143024,0.06326865621868157,0.25527803561570844
20.997633934020996,0.0,0.006135923151542565,0.023254017117065807,-0.24127161645521908,0.06386355679971206,0.25520083600582216
21.031923055648804,0.0,0.006135923151542565,0.023345821988504965,-0.24111321475808287,0.06426023908526568,0.255391003306596
21.065937042236328,0.0,0.006135923151542565,0.023362144262735245,-0.24100905102400041,0.06432934623221351,0.25548059262002343
21.101749897003174,0.0,0.006135923151542565,0.023262821592481477,-0.24092648609715972,0.06404828229114992,0.25526955791546985
21.13659906387329,0.0,0.006135923151542565,0.02310692450912658,-0.2407801410084541,0.06363388702360673,0.25539934894118504
21.17092490196228,0.0,0.006135923151542565,0.023120525769329266,-0.24031168987967097,0.06318271668896254,0.25548956840662485
21.20501208305359,0.0,0.006135923151542565,0.023372674873238443,-0.2396713324502865,0.06280503448597458,0.255642962896166
21.239014863967896,0.0,0.006135923151542565,0.023372674873238443,-0.2396713324502865,0.06260183507979512,0.2553858434371128
21.274163961410522,0.0,0.006135923151542565,0.023986019718946053,-0.23981458012463774,0.06273031932705433,0.2549949362370255
21.307666063308716,0.0,0.0046019423636569235,0.025311679054631546,-0.24067785928897578,0.06279754820024432,0.25516657980072355
21.342084884643555,0.0,0.006135923151542565,0.028736260668490683,-0.242224226008843,0.06305767373174608,0.256177259086498
21.37753701210022,0.0,0.006135923151542565,0.029700554093719855,-0.24149253127891313,0.06402863060736214,0.257849183852455
21.412297010421753,0.0,0.006135923151542565,0.030199595793886598,-0.2411837875621638,0.06582231444002368,0.2589734796841808
21.446506023406982,0.0,0.006135923151542565,0.030199595793886598,-0.2411837875621638,0.06759506951682712,0.25883425238360214
21.481273889541626,0.0,0.006135923151542565,0.030872028110267517,-0.24054592673499564,0.06903727730797204,0.25828792369004383
21.514657974243164,0.0,0.006135923151542565,0.030872028110267517,-0.24054592673499564,0.0698616616996922,0.25695343672027604
21.55083703994751,0.0,0.006135923151542565,0.03121740231542309,-0.23962294155546235,0.07021250568980199,0.25631876590666247
21.5829119682312,0.0,0.006135923151542565,0.030932754796593277,-0.23808005695209716,0.0697816940165472,0.2558822425987036
21.619802951812744,0.0,0.006135923151542565,0.03063834539366992,-0.23717948303601688,0.06892838706883353,0.25672759890986036
21.65422296524048,0.0,0.006135923151542565,0.030203712304891495,-0.23624503466684402,0.06750240153221526,0.25721443885300904
21.688656091690063,0.0,0.0046019423636569235,0.02983935079109167,-0.23609947766841105,0.0663859920189102,0.2574126471168188
21.72273087501526,0.0,0.0046019423636569235,0.02976982345242802,-0.23687980732203612,0.06606738333560751,0.25717052875746005
21.75739288330078,0.0,0.006135923151542565,0.02986511375754589,-0.23854778916741373,0.0662403893119102,0.2566939869647759
21.791409969329834,0.0,0.006135923151542565,0.030105691683028617,-0.23993332588613567,0.0664051488787383,0.25612949926223216
21.82688593864441,0.0,0.006135923151542565,0.030370028982235214,-0.24078202365918056,0.06640431356744787,0.2563772829654854
21.861370086669922,0.0,0.006135923151542565,0.03069334467022698,-0.24135992180286606,0.06617727829181602,0.25686315248930475
21.895456075668335,0.0,0.006135923151542565,0.03069334467022698,-0.24135992180286606,0.06607878253615017,0.2576008178881861
21.929956912994385,0.0,0.006135923151542565,0.03116952755214349,-0.2401278536840094,0.06623366484556462,0.25806652336753017
21.9637610912323,0.0,0.006135923151542565,0.03133043990143853,-0.23942002465117015,0.06673142788367789,0.2581703542142339
22.000864028930664,0.0,0.006135923151542565,0.03133043990143853,-0.23942002465117015,0.06731917466338985,0.2575791470074647
22.03307795524597,0.0,0.006135923151542565,0.03135977862299976,-0.2378918950327523,0.06788304388643512,0.2569328240724616
22.068422079086304,0.0,0.006135923151542565,0.03117093330604277,-0.23783068827689638,0.0683929127849194,0.25682154768377086
22.10258388519287,0.0,0.0046019423636569235,0.03117093330604277,-0.23783068827689638,0.06858345035517058,0.25671480825838733
22.137892961502075,0.0,0.006135923151542565,0.030318719381444,-0.2370485323758866,0.06839280626703342,0.25698514003425965
22.171043872833252,0.0,0.006135923151542565,0.030318719381444,-0.2370485323758866,0.06781109492409579,0.25710530019153127
22.20780086517334,0.0,0.006135923151542565,0.030004646040257717,-0.2372771672439322,0.06707847395793837,0.2573044747802719
22.241662979125977,0.0,0.006135923151542565,0.029950413203970197,-0.2378856011031254,0.06628256681130358,0.25672736941346813
22.274215936660767,0.0,0.006135923151542565,0.03051180204671984,-0.23975997771794694,0.06582673085476877,0.25689909896420704
22.309788942337036,0.0,0.006135923151542565,0.030861217641094153,-0.23999218527028846,0.06557679570225883,0.25697329853624556
22.344457864761353,0.0,0.006135923151542565,0.03121222764807183,-0.24059160091652843,0.06574608225851902,0.2571603954239995
22.378845930099487,0.0,0.006135923151542565,0.03121222764807183,-0.24059160091652843,0.0662978079665715,0.25753354597175754
22.413243055343628,0.0,0.006135923151542565,0.031304386762141714,-0.2394218963490669,0.06714832142422703,0.2579328158689211
22.4475200176239,0.0,0.0046019423636569235,0.031270069256352076,-0.23901293147611138,0.06804963989044513,0.2577938815023365
22.482419967651367,0.0,0.006135923151542565,0.03115068203227245,-0.23799202492573177,0.06868834721045897,0.25722067337432686
22.51759099960327,0.0,0.006135923151542565,0.03115068203227245,-0.23799202492573177,0.06894188581516025,0.25651601082087533
22.552386045455933,0.0,0.006135923151542565,0.03097924124737549,-0.23790811563657124,0.06881540028948337,0.25642097652062373
22.58552598953247,0.0,0.006135923151542565,0.030811966161362305,-0.23741682680690632,0.06828297294569925,0.257084178225153
