Command,Time
,1554685931.971233
,1554685932.014918
,1554685932.313483
,1554685932.355677
,1554685932.398794
,1554685932.441474
,1554685932.571466
,1554685932.615726
,1554685932.70359
,1554685932.745144
,1554685932.787124
,1554685932.82752
,1554685932.871492
,1554685932.915458
,1554685932.957663
,1554685933.001368
,1554685933.047675
,1554685933.173211
,1554685933.257796
,1554685933.30143
,1554685933.348517
,1554685933.39041
,1554685933.437649
,1554685933.480666
,1554685933.565212
,1554685933.651647
,1554685933.738549
,1554685933.78068
,1554685933.823168
,1554685933.994632
,1554685934.036261
,1554685934.078179
,1554685934.120692
,1554685934.161132
,1554685934.205081
,1554685934.246798
,1554685934.289066
,1554685934.331106
,1554685934.375797
,1554685934.421339
,1554685934.506398
,1554685934.546624
,1554685934.631932
,1554685934.674044
,1554685934.759884
,1554685934.802481
,1554685934.845569
,1554685934.890771
,1554685935.02081
,1554685935.065938
,1554685935.205715
,1554685935.336727
,1554685935.377291
,1554685935.418718
,1554685935.507488
,1554685935.547989
,1554685935.593007
,1554685935.635421
,1554685935.678695
,1554685935.720723
,1554685935.765847
,1554685935.808845
,1554685935.856702
,1554685935.90178
,1554685936.032019
,1554685936.075447
,1554685936.116449
,1554685936.199086
,1554685936.241842
,1554685936.36741
,1554685936.453224
,1554685936.494262
,1554685936.536365
,1554685936.624656
,1554685936.666566
,1554685936.710215
,1554685936.751794
,1554685936.792265
,1554685936.83912
,1554685936.880016
,1554685936.926138
,1554685936.973862
,1554685937.020278
,1554685937.062145
,1554685937.191855
,1554685942.490594
,1554685942.540201
,1554685942.624094
,1554685942.669717
,1554685942.724749
,1554685942.774797
,1554685942.866747
,1554685942.913872
,1554685942.956793
,1554685942.998996
,1554685943.043067
,1554685943.085162
,1554685943.173531
,1554685943.217375
,1554685943.259293
,1554685943.30212
,1554685943.345715
,1554685943.388847
,1554685943.437257
,1554685943.481374
,1554685943.524048
,1554685943.567176
Command,Time
,1554685970.916084
,1554685971.214136
,1554685971.491524
,1554685971.626896
,1554685971.671744
,1554685971.71565
,1554685971.80415
,1554685971.892045
,1554685971.986441
,1554685972.030021
,1554685972.076667
,1554685972.121122
,1554685972.213334
,1554685972.302318
,1554685972.346185
,1554685972.390194
,1554685972.432764
,1554685972.475125
,1554685972.518911
,1554685972.56244
,1554685972.653328
,1554685972.698123
,1554685972.742911
,1554685972.78703
,1554685972.83603
,1554685972.879452
,1554685972.92423
,1554685972.969362
,1554685973.011251
,1554685973.056139
,1554685973.100991
,1554685973.145509
,1554685973.189087
,1554685973.233471
,1554685973.325209
,1554685973.370331
,1554685973.414494
,1554685973.457739
,1554685973.500258
,1554685973.544332
,1554685973.589934
,1554685973.634311
,1554685973.678988
,1554685973.723845
,1554685973.767813
,1554685973.811618
,1554685973.855352
,1554685973.900325
,1554685973.988495
,1554685974.079902
,1554685974.124546
,1554685974.173988
,1554685974.216402
,1554685974.258493
,1554685974.301376
,1554685974.344435
,1554685974.387942
,1554685974.479817
,1554685974.524079
,1554685974.56599
,1554685974.609189
,1554685974.698821
,1554685974.74634
,1554685974.79014
,1554685974.840449
,1554685974.885057
,1554685974.932209
,1554685974.977051
,1554685975.022359
,1554685975.067203
,1554685975.111237
,1554685975.204694
,1554685975.677822
,1554685975.719601
,1554685975.767038
,1554685975.811337
,1554685975.856093
,1554685975.902165
,1554685975.946072
,1554685975.988973
,1554685976.036498
,1554685976.078619
,1554685976.121196
,1554685976.165212
,1554685976.208391
,1554685976.251679
,1554685976.293205
,1554685976.340931
,1554685976.387716
,1554685976.429053
,1554685976.471005
,1554685976.513929
,1554685976.556258
,1554685976.603024
,1554685976.645494
,1554685976.687115
,1554685976.73048
,1554685976.773282
,1554685976.815074
,1554685976.856409
,1554685976.906324
,1554685976.95196
,1554685976.993674
,1554685977.036269
,1554685977.078738
,1554685977.121654
,1554685977.165499
,1554685977.212901
,1554685977.260478
,1554685977.302755
,1554685977.346426
,1554685977.389553
,1554685977.43276
,1554685977.476973
,1554685977.524916
,1554685977.568992
,1554685977.613854
,1554685977.658625
,1554685977.701456
,1554685977.746885
,1554685977.789493
,1554685977.831418
,1554685977.876442
,1554685977.921553
,1554685977.964156
,1554685978.00724
,1554685978.050069
,1554685978.092109
,1554685978.134776
,1554685978.181849
,1554685978.226754
,1554685978.27222
,1554685978.316043
,1554685978.358475
,1554685978.40234
,1554685978.446419
,1554685978.490717
,1554685978.533119
,1554685978.580457
,1554685978.622626
,1554685978.668503
,1554685978.715835
,1554685978.757377
,1554685978.801557
,1554685978.848174
,1554685978.8909
,1554685978.933731
,1554685978.979084
,1554685979.021618
,1554685979.065482
,1554685979.108603
,1554685979.152209
,1554685979.19681
,1554685979.24152
,1554685979.285656
,1554685979.32853
,1554685979.37111
,1554685979.415054
,1554685979.458013
,1554685979.49973
,1554685979.543546
,1554685979.586012
,1554685979.627557
,1554685989.956189
,1554685990.000534
,1554685990.044536
,1554685990.089141
,1554685990.132636
,1554685990.177364
,1554685990.222945
,1554685990.272232
,1554685990.316679
,1554685990.363387
,1554685990.419718
,1554685990.466247
,1554685990.536774
,1554685990.580992
,1554685990.624468
,1554685990.671008
,1554685990.719539
,1554685990.763006
,1554685990.8079
,1554685990.853472
,1554685990.900258
,1554685990.945955
,1554685991.015283
,1554685991.063017
,1554685991.109647
,1554685991.156517
,1554685991.201825
,1554685991.246829
,1554685991.291271
,1554685991.338525
,1554685991.380433
,1554685991.430692
,1554685991.478526
,1554685991.524162
,1554685991.569719
,1554685991.612971
,1554685991.65662
,1554685991.700912
reset,1554685991.747288
reset,1554685991.790207
reset,1554685991.839175
reset,1554685991.884661
reset,1554685991.929375
reset,1554685991.973163
reset,1554685992.017696
reset,1554685992.062482
reset,1554685992.106912
reset,1554685992.149927
reset,1554685992.194706
reset,1554685992.238804
reset,1554685992.282069
reset,1554685992.324142
reset,1554685992.368462
reset,1554685992.414403
reset,1554685992.460269
reset,1554685992.506362
reset,1554685992.550287
reset,1554685992.595521
reset,1554685992.641065
reset,1554685992.685222
reset,1554685992.730269
reset,1554685992.778827
reset,1554685992.823685
reset,1554685992.868941
reset,1554685992.913703
reset,1554685992.959938
reset,1554685993.004668
reset,1554685993.049339
reset,1554685993.09206
reset,1554685993.135222
reset,1554685993.17813
reset,1554685993.221605
reset,1554685993.266825
reset,1554685993.311122
reset,1554685993.355193
reset,1554685993.401178
reset,1554685993.445393
reset,1554685993.49039
reset,1554685993.533451
reset,1554685993.576103
reset,1554685993.618576
reset,1554685993.662157
reset,1554685993.704488
reset,1554685993.74754
reset,1554685993.794962
reset,1554685993.838911
reset,1554685993.883075
reset,1554685993.925632
reset,1554685993.970183
reset,1554685994.012979
reset,1554685994.056955
reset,1554685994.102584
reset,1554685994.143614
reset,1554685994.186774
reset,1554685994.230909
reset,1554685994.276602
reset,1554685994.3213
reset,1554685994.364257
reset,1554685994.4099
reset,1554685994.452537
reset,1554685994.49953
reset,1554685994.546429
reset,1554685994.588743
reset,1554685994.639074
reset,1554685994.683832
reset,1554685994.726209
reset,1554685994.774613
reset,1554685994.817699
reset,1554685994.860075
reset,1554685994.905102
reset,1554685994.948778
reset,1554685994.993714
reset,1554685995.040145
reset,1554685995.083059
reset,1554685995.126718
reset,1554685995.170383
reset,1554685995.212745
reset,1554685995.256267
reset,1554685995.300713
reset,1554685995.344815
reset,1554685995.390975
reset,1554685995.437
reset,1554685995.482574
reset,1554685995.527533
reset,1554685995.571769
reset,1554685995.618709
reset,1554685995.661586
reset,1554685995.706829
reset,1554685995.753466
reset,1554685995.798369
reset,1554685995.843132
reset,1554685995.889094
reset,1554685995.935991
reset,1554685995.979959
reset,1554685996.025185
reset,1554685996.071168
reset,1554685996.114466
reset,1554685996.158412
reset,1554685996.20461
reset,1554685996.24909
reset,1554685996.294631
reset,1554685996.343139
reset,1554685996.38808
reset,1554685996.432883
reset,1554685996.481668
reset,1554685996.526025
reset,1554685996.571429
reset,1554685996.621985
reset,1554685996.667197
reset,1554685996.712324
reset,1554685996.757517
reset,1554685996.802373
reset,1554685996.84872
reset,1554685996.897416
reset,1554685996.943644
reset,1554685996.988484
reset,1554685997.032245
reset,1554685997.078701
reset,1554685997.123582
reset,1554685997.170686
reset,1554685997.216107
reset,1554685997.26177
reset,1554685997.498981
reset,1554685997.546562
reset,1554685997.593931
reset,1554685997.682019
reset,1554685997.726166
reset,1554685997.769927
reset,1554685997.946329
reset,1554685997.98854
reset,1554685998.033067
reset,1554685998.078778
reset,1554685998.123898
reset,1554685998.173769
reset,1554685998.217803
reset,1554685998.261468
reset,1554685998.305585
reset,1554685998.348982
reset,1554685998.392862
reset,1554685998.439248
reset,1554685998.625351
reset,1554685998.67002
reset,1554685998.715041
reset,1554685998.759524
reset,1554685998.803868
reset,1554685998.846993
reset,1554685998.890607
reset,1554685998.936809
reset,1554685999.921128
reset,1554685999.968506
reset,1554686000.015447
reset,1554686000.05944
reset,1554686000.146077
reset,1554686000.189076
reset,1554686000.233182
reset,1554686000.280715
reset,1554686000.323372
reset,1554686000.365991
reset,1554686000.410567
reset,1554686000.453971
reset,1554686000.498098
reset,1554686000.543641
reset,1554686000.588096
reset,1554686000.631981
reset,1554686000.675164
reset,1554686000.718322
reset,1554686000.761475
reset,1554686000.804564
reset,1554686000.847615
reset,1554686000.891533
reset,1554686000.93553
reset,1554686000.979964
reset,1554686001.02393
reset,1554686001.068822
reset,1554686001.113182
reset,1554686001.15668
reset,1554686001.200463
reset,1554686001.24917
reset,1554686001.291515
reset,1554686001.336505
reset,1554686001.37941
reset,1554686001.422287
reset,1554686001.466042
reset,1554686001.510739
reset,1554686001.55484
reset,1554686001.60266
reset,1554686001.646737
reset,1554686001.688758
reset,1554686001.73255
reset,1554686001.776473
reset,1554686001.820454
reset,1554686001.866876
reset,1554686001.911068
reset,1554686001.955325
reset,1554686001.999406
reset,1554686002.043245
reset,1554686002.088417
reset,1554686002.132269
reset,1554686002.176958
reset,1554686002.220069
reset,1554686002.26336
reset,1554686002.309654
reset,1554686002.354747
reset,1554686002.398443
reset,1554686002.443225
reset,1554686002.487664
reset,1554686002.53321
reset,1554686002.578712
reset,1554686002.62699
reset,1554686002.67393
reset,1554686002.71802
reset,1554686002.762582
reset,1554686002.808236
reset,1554686002.854534
reset,1554686002.902369
reset,1554686002.945992
reset,1554686002.990693
reset,1554686003.035016
reset,1554686003.079414
reset,1554686003.122499
reset,1554686003.168364
reset,1554686003.433028
reset,1554686003.478152
reset,1554686003.703395
reset,1554686003.747542
reset,1554686003.790715
reset,1554686003.833683
reset,1554686003.882036
reset,1554686003.924765
reset,1554686003.969821
reset,1554686004.01433
reset,1554686004.05706
reset,1554686004.099546
reset,1554686004.146287
reset,1554686004.459456
reset,1554686004.504273
reset,1554686004.722489
reset,1554686005.154273
reset,1554686006.455701
reset,1554686006.499111
reset,1554686006.548007
reset,1554686006.591749
reset,1554686006.635637
reset,1554686006.679505
reset,1554686006.723699
reset,1554686006.767534
reset,1554686006.815419
pc1,1554686006.858973
pc1,1554686006.905651
pc1,1554686006.954287
pc1,1554686006.997985
pc1,1554686007.044602
pc1,1554686007.089377
pc1,1554686007.132807
pc1,1554686007.525559
pc1,1554686007.569907
pc1,1554686007.612511
pc1,1554686007.657584
pc1,1554686007.70223
,1554686022.548418
,1554686022.642653
,1554686022.693516
,1554686022.784161
,1554686022.827778
,1554686022.968516
,1554686023.013356
,1554686023.05802
,1554686023.105084
,1554686023.149625
,1554686026.166523
,1554686026.211595
,1554686026.257299
gc1,1554686026.306101
gc1,1554686026.351666
gc1,1554686026.397142
gc1,1554686026.442893
gc1,1554686026.491976
gc1,1554686026.537051
gc1,1554686026.859036
gc1,1554686026.952164
gc1,1554686026.998655
gc1,1554686027.047189
gc1,1554686027.094113
gc1,1554686027.13907
gc1,1554686027.181917
gc1,1554686027.229829
gc1,1554686027.55149
gc1,1554686027.59371
gc1,1554686027.636592
gc1,1554686027.68359
gc1,1554686027.725974
gc1,1554686027.769849
gc1,1554686027.816523
gc1,1554686027.859409
gc1,1554686027.904082
gc1,1554686027.946965
gc1,1554686027.989468
gc1,1554686028.032206
gc1,1554686028.081044
gc1,1554686028.123353
gc1,1554686028.168331
gc1,1554686028.216542
gc1,1554686028.258607
gc1,1554686028.304981
gc1,1554686028.346808
gc1,1554686028.389706
gc1,1554686028.437028
gc1,1554686028.480864
gc1,1554686028.523787
gc1,1554686028.570651
gc1,1554686028.616023
gc1,1554686028.658937
gc1,1554686028.703642
gc1,1554686028.746989
gc1,1554686028.790479
gc1,1554686028.83413
gc1,1554686028.877778
gc1,1554686028.921815
gc1,1554686028.969192
gc1,1554686029.016966
gc1,1554686029.061397
gc1,1554686029.106612
gc1,1554686029.149623
gc1,1554686029.192109
gc1,1554686029.241459
gc1,1554686029.284895
gc1,1554686029.326987
gc1,1554686029.372033
gc1,1554686029.415339
gc1,1554686029.45818
gc1,1554686029.50165
gc1,1554686029.546626
gc1,1554686029.589563
gc1,1554686029.633299
gc1,1554686029.678305
gc1,1554686029.72216
gc1,1554686029.765813
gc1,1554686029.810628
gc1,1554686029.854466
gc1,1554686029.90021
gc1,1554686029.944543
gc1,1554686029.987854
gc1,1554686030.031726
ch,1554686030.076374
ch,1554686030.120376
ch,1554686030.163851
ch,1554686030.214208
ch,1554686030.256774
ch,1554686030.30061
ch,1554686030.345314
ch,1554686030.390241
ch,1554686030.435778
ch,1554686030.48185
ch,1554686030.523493
ch,1554686030.56628
ch,1554686030.610999
ch,1554686030.655684
ch,1554686030.699193
ch,1554686030.745206
ch,1554686030.790618
ch,1554686030.834899
ch,1554686030.880267
ch,1554686030.925469
ch,1554686030.97095
ch,1554686031.013822
ch,1554686031.056608
ch,1554686031.099306
ch,1554686031.144254
ch,1554686031.19231
ch,1554686031.236205
ch,1554686031.280844
ch,1554686031.325677
ch,1554686031.371137
ch,1554686031.415897
ch,1554686031.460499
ch,1554686031.505396
ch,1554686031.549914
ch,1554686031.594076
ch,1554686031.638258
ch,1554686031.681613
ch,1554686031.72416
ch,1554686031.768378
ch,1554686031.811702
ch,1554686031.854591
ch,1554686031.901277
ch,1554686031.94588
ch,1554686031.989186
ch,1554686032.034716
ch,1554686032.077774
ch,1554686032.121932
ch,1554686032.166205
ch,1554686032.214177
ch,1554686032.259859
ch,1554686032.304595
ch,1554686032.347313
ch,1554686032.390116
ch,1554686032.43802
,1554686032.484946
,1554686032.527409
,1554686032.570093
,1554686032.612256
,1554686032.655082
,1554686032.69889
,1554686032.743711
,1554686032.78798
,1554686032.830983
,1554686032.876997
,1554686032.922168
,1554686032.966341
,1554686033.009337
,1554686033.052512
,1554686033.095853
,1554686033.139501
,1554686033.184671
,1554686033.228511
,1554686033.275681
,1554686033.318657
,1554686033.360439
,1554686033.405191
,1554686033.44785
,1554686033.490294
,1554686033.536618
,1554686033.580751
,1554686036.713714
,1554686036.806165
,1554686036.898914
,1554686036.944501
,1554686036.988604
,1554686037.033328
,1554686037.120399
,1554686037.163685
,1554686037.211572
,1554686037.257315
,1554686037.300943
,1554686037.349548
,1554686037.40188
,1554686037.448262
,1554686037.491135
,1554686037.535498
ch,1554686037.588253
ch,1554686037.632589
ch,1554686037.676171
ch,1554686037.725359
ch,1554686037.769447
ch,1554686037.8144
ch,1554686037.858479
ch,1554686037.909298
ch,1554686037.952739
ch,1554686037.996466
ch,1554686038.039914
ch,1554686038.082227
ch,1554686038.124534
ch,1554686038.215577
ch,1554686038.260229
ch,1554686038.302382
ch,1554686038.344871
ch,1554686038.392004
ch,1554686038.435264
ch,1554686038.477973
ch,1554686038.52129
ch,1554686038.564445
ch,1554686038.607783
ch,1554686038.652046
ch,1554686038.69998
ch,1554686038.744192
ch,1554686038.788857
ch,1554686038.834285
ch,1554686038.881428
ch,1554686038.925406
ch,1554686038.97078
ch,1554686039.01271
ch,1554686039.055612
ch,1554686039.099292
ch,1554686039.144407
ch,1554686039.189
ch,1554686039.2339
ch,1554686039.282361
ch,1554686039.330542
ch,1554686039.377388
ch,1554686039.422529
ch,1554686039.509236
ch,1554686039.553816
ch,1554686039.59793
ch,1554686039.646103
ch,1554686039.688865
ch,1554686039.736069
ch,1554686039.781413
ch,1554686039.823819
ch,1554686039.874581
ch,1554686039.917968
ch,1554686039.961614
ch,1554686040.00766
ch,1554686040.050235
ch,1554686040.092619
ch,1554686040.14155
ch,1554686040.183715
ch,1554686040.226959
ch,1554686040.271462
ch,1554686040.320986
ch,1554686040.365853
ch,1554686040.408001
ch,1554686040.450248
ch,1554686040.498065
ch,1554686040.543232
ch,1554686040.59005
ch,1554686040.635942
ch,1554686040.680577
ch,1554686040.724957
ch,1554686040.768936
ch,1554686040.810897
ch,1554686040.853712
ch,1554686040.908697
ch,1554686040.952176
ch,1554686040.994671
ch,1554686041.038659
ch,1554686041.081873
ch,1554686041.123875
ch,1554686041.168753
ch,1554686041.214611
pc1,1554686041.258036
pc1,1554686041.303329
pc1,1554686041.346335
pc1,1554686041.38888
pc1,1554686041.434875
pc1,1554686041.481671
pc1,1554686041.525779
pc1,1554686041.56883
pc1,1554686041.926308
pc1,1554686041.971607
pc1,1554686042.014768
pc1,1554686042.062458
pc1,1554686042.10594
pc1,1554686042.148358
pc1,1554686042.190901
pc1,1554686042.233627
pc1,1554686042.589995
pc1,1554686042.637336
pc1,1554686042.725401
pc1,1554686043.294162
pc1,1554686043.337999
pc1,1554686043.380673
,1554686114.000886
,1554686114.046144
,1554686114.090673
,1554686114.138335
,1554686114.183607
,1554686114.233621
,1554686114.688475
,1554686114.733274
,1554686114.778357
,1554686114.824549
,1554686114.869498
,1554686114.914561
,1554686114.958351
,1554686115.008758
,1554686115.054237
,1554686115.10257
,1554686115.157935
,1554686115.201965
,1554686115.245564
,1554686115.293281
,1554686115.339823
,1554686115.386223
,1554686115.434233
,1554686115.47855
,1554686115.523403
,1554686115.568779
,1554686115.61274
,1554686115.657419
,1554686115.701314
,1554686115.746665
,1554686116.237742
,1554686116.286728
,1554686116.336106
,1554686116.378657
,1554686116.42123
,1554686116.464943
,1554686116.510368
,1554686116.558088
,1554686116.78601
,1554686116.830136
,1554686116.878786
,1554686116.924927
,1554686116.970771
,1554686117.503986
,1554686117.548566
,1554686117.592849
,1554686117.641415
,1554686117.685139
,1554686117.729631
,1554686117.783513
,1554686117.827354
,1554686117.875374
,1554686117.92443
,1554686119.354855
,1554686119.39822
,1554686119.444551
,1554686119.490457
,1554686119.535315
,1554686119.579906
,1554686119.625064
,1554686119.671156
,1554686119.716123
,1554686119.76005
,1554686119.805018
,1554686119.849698
,1554686119.897971
,1554686119.945071
,1554686119.989026
,1554686120.032055
,1554686120.076237
,1554686120.125652
,1554686120.170101
,1554686120.213057
pc1,1554686120.261091
pc1,1554686120.30594
pc1,1554686120.353313
pc1,1554686120.403362
pc1,1554686120.44616
pc1,1554686120.489062
pc1,1554686120.847731
pc1,1554686120.936383
pc1,1554686121.590316
pc1,1554686121.635082
pc1,1554686121.679692
pc1,1554686121.724023
pc1,1554686121.768412
pc1,1554686121.815874
pc1,1554686121.858857
pc1,1554686121.903659
pc1,1554686121.947116
pc1,1554686121.991253
pc1,1554686122.313826
pc1,1554686122.491984
pc1,1554686122.62362
pc1,1554686122.669235
pc1,1554686124.17379
pc1,1554686124.217518
pc1,1554686124.262355
pc1,1554686124.349533
pc1,1554686124.400919
pc1,1554686124.447921
pc1,1554686124.491511
pc1,1554686124.534755
pc1,1554686124.57915
pc1,1554686124.622113
pc1,1554686124.709297
pc1,1554686124.753956
pc1,1554686124.798944
pc1,1554686124.843003
pc1,1554686124.888628
pc1,1554686124.937716
pc1,1554686124.979997
pc1,1554686125.024696
pc1,1554686125.068637
pc1,1554686125.110574
pc1,1554686125.154165
pc1,1554686125.202262
pc1,1554686125.248288
pc1,1554686125.291976
pc1,1554686125.336797
pc1,1554686125.37974
pc1,1554686125.423656
pc1,1554686125.47292
pc1,1554686125.516414
pc1,1554686125.560989
pc1,1554686126.234581
pc1,1554686126.279232
pc1,1554686126.322195
pc1,1554686126.370348
pc1,1554686126.418389
pc1,1554686126.462056
pc1,1554686126.507738
pc1,1554686127.578254
pc1,1554686127.625115
pc1,1554686127.802366
pc1,1554686128.032134
pc1,1554686128.076085
pc1,1554686128.119039
pc1,1554686128.165196
pc1,1554686128.208076
pc1,1554686128.252036
pc1,1554686128.29408
pc1,1554686128.339638
pc1,1554686128.383403
pc1,1554686129.066301
pc1,1554686129.110909
pc1,1554686130.512719
pc1,1554686130.690275
pc1,1554686130.733633
pc1,1554686130.779156
pc1,1554686130.822166
pc1,1554686130.87129
pc1,1554686130.914846
pc1,1554686130.962888
pc1,1554686131.056388
pc1,1554686131.104331
pc1,1554686131.147548
pc1,1554686131.190995
pc1,1554686131.243423
pc1,1554686131.28782
pc1,1554686131.331745
pc1,1554686131.38731
pc1,1554686131.429807
pc1,1554686131.473728
pc1,1554686131.518355
pc1,1554686131.562994
pc1,1554686131.609334
pc1,1554686131.65496
pc1,1554686131.697057
pc1,1554686131.741479
pc1,1554686131.78823
pc1,1554686131.831291
pc1,1554686131.879733
pc1,1554686131.924423
pc1,1554686131.967767
pc1,1554686132.011283
pc1,1554686132.054709
pc1,1554686132.100923
pc1,1554686132.148324
pc1,1554686132.190377
pc1,1554686132.233487
pc1,1554686132.280763
pc1,1554686132.367145
pc1,1554686132.411668
pc1,1554686132.498884
pc1,1554686132.591138
pc1,1554686132.855659
pc1,1554686132.901322
pc1,1554686132.94638
pc1,1554686133.035182
pc1,1554686133.080045
pc1,1554686133.12191
pc1,1554686133.164243
pc1,1554686133.251247
pc1,1554686133.294166
pc1,1554686134.372437
pc1,1554686134.417792
pc1,1554686134.464953
pc1,1554686134.510554
,1554686136.556764
,1554686136.603484
,1554686136.652928
,1554686136.697079
,1554686136.743451
,1554686136.978067
,1554686137.028883
,1554686137.12144
,1554686137.172718
,1554686137.220851
,1554686137.270731
,1554686137.31895
,1554686137.36404
,1554686137.411171
,1554686137.456919
,1554686137.546815
,1554686137.592012
,1554686137.636219
,1554686137.686013
,1554686137.731735
,1554686137.778528
,1554686137.82527
,1554686137.966751
gc1,1554686139.341062
gc1,1554686139.43123
gc1,1554686139.657024
gc1,1554686139.703304
gc1,1554686139.749268
gc1,1554686139.798735
gc1,1554686139.844937
gc1,1554686139.891662
gc1,1554686140.128804
gc1,1554686140.172436
gc1,1554686140.22047
gc1,1554686140.26421
gc1,1554686140.307551
gc1,1554686140.350913
gc1,1554686140.393215
gc1,1554686140.435702
gc1,1554686140.483986
gc1,1554686140.525921
gc1,1554686140.569259
gc1,1554686140.612822
gc1,1554686140.655811
gc1,1554686140.700585
gc1,1554686140.746634
gc1,1554686140.793731
gc1,1554686140.836215
gc1,1554686140.88049
gc1,1554686140.924464
gc1,1554686140.967172
gc1,1554686141.015226
gc1,1554686141.057647
gc1,1554686141.100776
gc1,1554686141.146616
gc1,1554686141.191689
gc1,1554686141.236329
gc1,1554686141.287518
gc1,1554686141.330158
gc1,1554686141.376586
gc1,1554686141.421361
gc1,1554686141.465369
gc1,1554686141.510187
gc1,1554686141.555225
gc1,1554686141.608232
gc1,1554686141.660608
gc1,1554686141.712983
gc1,1554686141.766269
gc1,1554686141.815393
gc1,1554686141.869221
gc1,1554686141.919202
gc1,1554686141.971393
gc1,1554686142.015668
gc1,1554686142.061299
gc1,1554686142.111286
gc1,1554686142.156331
gc1,1554686142.219597
gc1,1554686142.266415
gc1,1554686142.314748
gc1,1554686142.357737
gc1,1554686142.40149
gc1,1554686142.450018
gc1,1554686142.493777
ch,1554686142.539497
ch,1554686142.582922
ch,1554686142.628943
ch,1554686142.673678
ch,1554686142.718619
ch,1554686142.768081
ch,1554686142.813747
ch,1554686142.858341
ch,1554686142.906348
ch,1554686142.949778
ch,1554686142.992874
ch,1554686143.036166
ch,1554686143.729605
ch,1554686143.780227
ch,1554686143.823957
ch,1554686143.868753
ch,1554686144.000217
ch,1554686144.046818
ch,1554686144.092057
ch,1554686144.225961
ch,1554686144.270254
ch,1554686144.318833
ch,1554686144.363323
ch,1554686144.407774
ch,1554686144.453087
ch,1554686144.496575
ch,1554686144.540474
ch,1554686144.680574
ch,1554686144.72987
ch,1554686144.774718
ch,1554686144.820202
ch,1554686144.864354
ch,1554686145.054055
ch,1554686145.099384
ch,1554686145.148027
ch,1554686145.192631
ch,1554686145.242151
ch,1554686145.288034
ch,1554686145.331648
ch,1554686145.378345
ch,1554686145.425303
ch,1554686145.467685
ch,1554686145.559009
ch,1554686145.601666
pc1,1554686145.649983
pc1,1554686145.738854
pc1,1554686145.789771
pc1,1554686145.834466
pc1,1554686145.88023
pc1,1554686145.927219
pc1,1554686146.19539
pc1,1554686146.290859
pc1,1554686146.335395
pc1,1554686146.380028
pc1,1554686146.424737
pc1,1554686146.68556
pc1,1554686146.730732
pc1,1554686146.774094
pc1,1554686146.82037
pc1,1554686146.866892
pc1,1554686146.909946
pc1,1554686146.951951
pc1,1554686146.994664
pc1,1554686147.042581
oh,1554686157.645875
oh,1554686157.689529
oh,1554686157.777531
oh,1554686157.822376
oh,1554686157.865737
oh,1554686157.911761
gc2,1554686181.021351
gc2,1554686181.433037
gc2,1554686181.877348
gc2,1554686181.92244
gc2,1554686181.966886
gc2,1554686182.010969
gc2,1554686182.056414
gc2,1554686182.099891
gc2,1554686182.143099
gc2,1554686182.186337
gc2,1554686182.228358
gc2,1554686182.279495
gc2,1554686182.324039
gc2,1554686182.367894
gc2,1554686182.411662
gc2,1554686182.455429
gc2,1554686182.497062
gc2,1554686182.54027
gc2,1554686182.584181
gc2,1554686182.629488
gc2,1554686182.676251
gc2,1554686182.721209
gc2,1554686182.767782
gc2,1554686182.812703
gc2,1554686182.856323
gc2,1554686182.903031
gc2,1554686182.947267
gc2,1554686183.830609
gc2,1554686184.221562
gc2,1554686184.265342
ch,1554686184.399365
ch,1554686184.578114
ch,1554686184.621747
ch,1554686184.671544
ch,1554686184.714035
ch,1554686184.75655
ch,1554686184.801216
ch,1554686184.844132
ch,1554686184.887605
ch,1554686184.979128
ch,1554686185.291052
ch,1554686185.425211
ch,1554686185.46868
ch,1554686185.512104
ch,1554686185.597216
ch,1554686185.646035
ch,1554686185.690453
ch,1554686185.736028
ch,1554686185.779606
ch,1554686185.910687
ch,1554686185.95399
ch,1554686185.99752
ch,1554686186.044962
ch,1554686186.133441
ch,1554686186.177591
ch,1554686186.268928
ch,1554686186.310757
ch,1554686186.354387
ch,1554686186.400004
ch,1554686186.443254
ch,1554686186.485375
ch,1554686186.535867
,1554686186.57847
,1554686186.620782
,1554686186.671198
,1554686186.715801
,1554686186.759927
,1554686186.803939
,1554686186.847669
,1554686186.892073
,1554686186.938657
,1554686186.982991
,1554686187.030227
,1554686187.074
,1554686187.117547
,1554686187.159483
,1554686187.207845
,1554686187.249713
,1554686187.292451
,1554686187.335236
,1554686187.379166
,1554686187.427464
,1554686187.473605
,1554686187.520167
,1554686187.563564
,1554686187.607192
,1554686187.64896
,1554686187.690598
,1554686187.735916
,1554686187.781687
,1554686187.825939
,1554686187.868553
,1554686187.912572
,1554686187.954294
,1554686187.998719
,1554686188.043258
,1554686188.087562
,1554686188.13052
,1554686188.174327
,1554686188.218468
,1554686188.266074
,1554686188.310773
,1554686188.359595
,1554686188.403372
,1554686188.452108
,1554686188.494268
,1554686188.539305
,1554686188.583008
,1554686188.625138
,1554686188.668752
,1554686188.711836
,1554686188.754263
,1554686188.796317
,1554686188.845294
,1554686188.890306
,1554686188.945592
,1554686188.988922
,1554686189.030843
,1554686189.075385
,1554686189.119374
,1554686189.161706
,1554686189.205976
,1554686189.254019
,1554686189.296798
,1554686189.343253
,1554686189.387262
,1554686189.431286
,1554686189.480983
,1554686189.523081
,1554686189.570418
,1554686189.614525
,1554686189.658229
,1554686189.704372
,1554686189.748237
,1554686189.790568
,1554686189.83599
,1554686189.884882
,1554686189.933447
,1554686189.979959
,1554686190.020934
,1554686190.064567
,1554686190.109473
,1554686190.15412
,1554686190.199674
,1554686190.24302
,1554686190.286261
,1554686190.334052
,1554686190.376176
,1554686190.420073
,1554686190.462659
,1554686190.509638
,1554686190.552575
,1554686190.594986
,1554686190.638227
,1554686190.680128
,1554686190.722101
,1554686190.764057
,1554686190.812751
,1554686190.85425
,1554686190.897116
,1554686190.946103
,1554686190.989148
,1554686191.030665
,1554686191.07195
,1554686191.1155
,1554686191.159053
,1554686191.202642
,1554686191.244679
,1554686191.286557
,1554686191.334704
,1554686191.376652
,1554686191.422707
,1554686191.467479
,1554686191.515167
,1554686191.556969
,1554686191.601302
,1554686191.650004
,1554686191.69147
,1554686191.733996
,1554686191.776363
,1554686191.820867
,1554686191.862748
,1554686191.908299
,1554686191.954351
,1554686192.002077
,1554686192.045724
,1554686192.088978
,1554686192.136153
,1554686192.179528
,1554686192.221694
,1554686192.265317
,1554686192.310177
,1554686192.353925
,1554686192.398485
,1554686192.443293
,1554686192.488406
,1554686192.533878
,1554686192.579055
,1554686192.622179
,1554686192.666862
,1554686192.709553
,1554686192.753862
,1554686192.797287
,1554686192.841818
,1554686192.889715
,1554686192.933624
,1554686192.975665
,1554686193.017748
,1554686193.060283
,1554686193.103379
,1554686193.146051
,1554686193.18723
,1554686193.232996
ch,1554686193.277297
ch,1554686193.492039
ch,1554686193.663581
ch,1554686193.707914
ch,1554686193.752062
ch,1554686193.794661
ch,1554686193.840427
ch,1554686194.197362
ch,1554686194.285251
ch,1554686194.416158
ch,1554686194.464674
ch,1554686194.511568
ch,1554686194.64146
ch,1554686194.684504
ch,1554686194.731183
ch,1554686194.775971
ch,1554686195.165894
ch,1554686195.466039
ch,1554686195.731579
ch,1554686195.775898
ch,1554686195.866998
ch,1554686195.91256
ch,1554686196.044482
ch,1554686196.132741
ch,1554686196.175154
ch,1554686196.218311
ch,1554686196.260416
ch,1554686196.305782
ch,1554686196.348028
ch,1554686196.388746
ch,1554686196.431571
ch,1554686196.47724
ch,1554686196.521119
ch,1554686196.610261
ch,1554686196.664217
ch,1554686196.711888
ch,1554686196.755707
ch,1554686196.800639
ch,1554686196.846129
ch,1554686196.894679
ch,1554686196.94241
ch,1554686196.98618
ch,1554686197.029742
ch,1554686197.073409
ch,1554686197.117932
ch,1554686197.161529
ch,1554686197.205563
ch,1554686197.249296
ch,1554686197.292733
ch,1554686197.337582
ch,1554686197.38175
ch,1554686197.426388
ch,1554686197.468335
ch,1554686197.513024
ch,1554686197.557118
ch,1554686197.601067
ch,1554686197.649778
ch,1554686197.691351
ch,1554686197.733187
ch,1554686197.778009
ch,1554686197.822018
ch,1554686197.870829
ch,1554686197.915468
ch,1554686197.961012
ch,1554686198.003588
ch,1554686198.047547
ch,1554686198.089865
ch,1554686198.132243
ch,1554686198.175423
ch,1554686198.217615
ch,1554686198.346792
ch,1554686198.388422
ch,1554686198.521068
ch,1554686198.694753
ch,1554686198.744034
ch,1554686198.877627
ch,1554686198.920015
ch,1554686198.960545
ch,1554686199.003257
ch,1554686199.049557
ch,1554686199.176626
ch,1554686199.261849
ch,1554686199.307981
ch,1554686199.351516
ch,1554686199.394043
ch,1554686199.438929
ch,1554686199.480792
ch,1554686199.522434
ch,1554686199.5655
ch,1554686199.608662
ch,1554686199.654441
ch,1554686199.696834
ch,1554686199.738978
ch,1554686199.78373
ch,1554686199.828345
ch,1554686199.87289
ch,1554686199.963951
ch,1554686200.007347
ch,1554686200.050436
ch,1554686200.092023
ch,1554686200.137823
ch,1554686200.179199
ch,1554686200.222479
ch,1554686200.265939
ch,1554686200.309835
ch,1554686200.356884
ch,1554686200.398867
ch,1554686200.442061
ch,1554686200.485491
ch,1554686200.528117
ch,1554686200.57033
ch,1554686200.621717
ch,1554686200.666626
ch,1554686200.751708
ch,1554686200.794085
ch,1554686200.837079
ch,1554686200.883718
ch,1554686200.928629
ch,1554686200.970804
ch,1554686201.013927
ch,1554686201.057181
ch,1554686201.101119
ch,1554686201.143662
ch,1554686201.185142
ch,1554686201.233748
ch,1554686201.275719
ch,1554686201.31886
ch,1554686201.361176
ch,1554686201.40408
ch,1554686201.445714
ch,1554686201.492174
ch,1554686201.533739
ch,1554686201.575819
ch,1554686201.716045
ch,1554686201.767894
ch,1554686201.812978
ch,1554686201.856213
ch,1554686201.900282
ch,1554686202.070265
ch,1554686202.111404
ch,1554686202.155354
ch,1554686202.246034
ch,1554686202.294115
ch,1554686202.344128
ch,1554686202.495217
ch,1554686202.642465
ch,1554686202.863392
ch,1554686202.905048
ch,1554686202.95302
ch,1554686202.995822
ch,1554686203.042057
ch,1554686203.133122
ch,1554686203.175724
ch,1554686203.21893
ch,1554686203.708466
ch,1554686203.755044
ch,1554686203.840922
ch,1554686203.931438
ch,1554686203.974542
ch,1554686204.063354
ch,1554686204.239724
ch,1554686205.245495
ch,1554686205.33261
ch,1554686205.37647
ch,1554686205.733822
ch,1554686205.819848
ch,1554686205.87019
ch,1554686206.259093
ch,1554686206.78369
ch,1554686206.913726
pc2,1554686207.003237
pc2,1554686207.046137
pc2,1554686207.215547
pc2,1554686207.509662
pc2,1554686208.80941
pc2,1554686208.852344
pc2,1554686208.941517
pc2,1554686208.986604
pc2,1554686209.029983
pc2,1554686209.12179
,1554686230.523885
,1554686230.568592
,1554686230.612772
,1554686230.656656
,1554686230.70036
,1554686230.746089
,1554686230.791441
,1554686230.835153
,1554686231.228209
,1554686231.273978
,1554686231.318842
,1554686231.363681
,1554686231.409695
,1554686231.454016
,1554686231.497624
,1554686231.543683
,1554686231.588184
,1554686231.632731
,1554686231.682252
pc1,1554686233.353696
pc1,1554686233.398968
pc1,1554686233.444894
pc1,1554686233.612868
pc1,1554686238.488938
pc1,1554686238.721239
pc1,1554686238.767949
pc1,1554686238.814221
pc1,1554686238.858647
pc1,1554686238.908619
pc1,1554686238.960499
pc1,1554686239.011198
pc1,1554686239.06002
pc1,1554686239.109505
pc1,1554686239.155355
pc1,1554686239.204203
pc1,1554686239.294556
pc1,1554686239.389665
pc1,1554686239.435518
gc1,1554686252.475017
gc1,1554686252.523558
gc1,1554686252.572921
gc1,1554686252.619471
gc1,1554686252.668083
gc1,1554686252.714726
gc1,1554686252.760822
gc1,1554686252.812786
gc1,1554686252.859893
gc1,1554686252.908652
gc1,1554686252.954834
gc1,1554686252.996551
gc1,1554686253.223159
gc1,1554686253.265997
gc1,1554686253.315095
gc1,1554686253.359756
gc1,1554686253.403348
gc1,1554686253.447473
gc1,1554686253.492025
gc1,1554686253.536883
gc1,1554686253.58607
gc1,1554686253.630767
gc1,1554686253.67709
gc1,1554686253.723465
gc1,1554686253.770225
gc1,1554686253.817616
gc1,1554686253.863557
gc1,1554686253.91148
gc1,1554686254.04688
gc1,1554686254.08907
gc1,1554686254.132896
gc1,1554686254.178169
gc1,1554686254.22439
gc1,1554686254.269694
gc1,1554686254.314448
gc1,1554686254.358009
gc1,1554686254.402731
gc1,1554686254.446316
gc1,1554686254.494366
gc1,1554686254.541245
gc1,1554686254.585835
gc1,1554686254.634948
gc1,1554686254.680232
gc1,1554686254.724152
gc1,1554686254.768013
gc1,1554686254.814855
gc1,1554686254.860972
gc1,1554686254.911495
gc1,1554686254.956407
gc1,1554686255.002078
gc1,1554686255.048904
gc1,1554686255.112915
gc1,1554686255.160383
gc1,1554686255.208119
gc1,1554686255.255772
gc1,1554686255.301316
gc1,1554686255.345866
gc1,1554686255.391415
gc1,1554686255.441203
gc1,1554686255.487555
gc1,1554686255.534436
gc1,1554686255.580379
gc1,1554686255.62364
gc1,1554686255.667859
gc1,1554686255.711319
gc1,1554686255.75513
gc1,1554686255.801438
gc1,1554686255.847049
gc1,1554686255.895319
gc1,1554686255.943499
gc1,1554686255.991128
gc1,1554686256.036333
gc1,1554686256.081242
ch,1554686256.133328
ch,1554686256.177562
ch,1554686256.223467
ch,1554686256.26699
ch,1554686256.311492
ch,1554686256.355408
ch,1554686256.401619
ch,1554686256.445204
ch,1554686256.489883
ch,1554686256.533249
ch,1554686256.578946
ch,1554686256.623673
ch,1554686256.66844
ch,1554686256.712221
ch,1554686256.759857
ch,1554686256.806333
ch,1554686256.851829
ch,1554686256.89992
ch,1554686256.945728
ch,1554686256.994882
ch,1554686257.042325
ch,1554686257.091852
ch,1554686257.143292
ch,1554686257.188277
ch,1554686257.236149
ch,1554686257.28854
ch,1554686257.333268
ch,1554686257.379523
ch,1554686257.423211
ch,1554686257.467479
ch,1554686257.512661
ch,1554686257.556384
ch,1554686257.600249
ch,1554686257.646326
ch,1554686257.691861
ch,1554686257.736968
ch,1554686257.787853
ch,1554686257.834559
ch,1554686257.881774
ch,1554686257.927442
ch,1554686257.975181
ch,1554686258.025005
ch,1554686258.071262
ch,1554686258.116786
ch,1554686258.164235
ch,1554686258.212539
ch,1554686258.260432
ch,1554686258.307802
ch,1554686258.355663
ch,1554686258.403557
ch,1554686258.448848
ch,1554686258.492454
ch,1554686258.542191
ch,1554686258.587561
ch,1554686258.63444
ch,1554686258.68027
ch,1554686258.724911
ch,1554686258.770229
ch,1554686258.819341
ch,1554686258.865428
ch,1554686258.912651
ch,1554686258.955994
pc1,1554686259.002768
pc1,1554686259.048565
pc1,1554686259.099222
pc1,1554686259.145522
pc1,1554686259.191159
pc1,1554686259.236477
pc1,1554686259.281866
pc1,1554686259.719777
pc1,1554686259.763485
pc1,1554686259.810554
pc1,1554686259.856012
pc1,1554686259.901727
pc1,1554686259.948385
pc1,1554686259.993295
pc1,1554686260.039696
pc1,1554686260.17565
pc1,1554686260.269777
pc1,1554686260.314491
pc1,1554686260.363486
pc1,1554686260.408919
pc1,1554686260.454895
pc1,1554686260.499788
pc1,1554686260.546622
pc1,1554686260.58995
pc1,1554686260.675917
,1554686309.980594
,1554686310.025707
,1554686310.069835
,1554686310.116085
,1554686310.161533
,1554686310.62393
,1554686310.669306
,1554686310.71362
,1554686310.759892
,1554686310.805884
,1554686310.853107
,1554686310.899481
,1554686310.948842
,1554686310.992905
,1554686311.037145
,1554686311.087225
,1554686311.132619
,1554686311.181122
,1554686311.224732
,1554686311.270242
,1554686311.31993
,1554686311.363198
,1554686311.410185
,1554686311.464477
,1554686311.510476
,1554686311.554649
,1554686311.605116
,1554686311.648831
,1554686311.974541
,1554686312.161509
,1554686312.207701
,1554686312.255622
,1554686312.29936
,1554686312.34289
,1554686312.386496
,1554686312.432588
,1554686312.47692
,1554686312.531507
,1554686312.576829
,1554686312.621206
,1554686312.668771
,1554686312.718796
,1554686312.763124
,1554686314.866794
,1554686314.912395
,1554686314.955997
,1554686315.000009
,1554686315.043672
,1554686315.129523
,1554686315.301732
,1554686315.651971
,1554686315.698156
,1554686315.740859
,1554686315.784036
,1554686315.830488
,1554686315.87901
,1554686315.922989
,1554686315.969241
,1554686316.061717
,1554686316.10544
,1554686316.152785
pc1,1554686316.511544
pc1,1554686316.55543
pc1,1554686316.600003
pc1,1554686316.643404
pc1,1554686317.089064
pc1,1554686317.131411
pc1,1554686317.173908
pc1,1554686317.217489
pc1,1554686317.259448
pc1,1554686317.392654
pc1,1554686317.885907
pc1,1554686324.091627
pc1,1554686324.141691
pc1,1554686324.230475
pc1,1554686324.454262
pc1,1554686324.499229
pc1,1554686324.545059
pc1,1554686324.589517
pc1,1554686324.635887
pc1,1554686324.680838
pc1,1554686324.724759
pc1,1554686324.771139
pc1,1554686324.816522
pc1,1554686324.863522
pc1,1554686324.909776
pc1,1554686324.954924
pc1,1554686325.006776
pc1,1554686325.0529
pc1,1554686325.097289
pc1,1554686325.14496
pc1,1554686325.189391
pc1,1554686325.234445
pc1,1554686325.278052
pc1,1554686325.323214
pc1,1554686325.371769
pc1,1554686325.41562
pc1,1554686325.45908
pc1,1554686325.504486
pc1,1554686325.550987
pc1,1554686325.596814
pc1,1554686325.650387
pc1,1554686325.693437
pc1,1554686325.739135
pc1,1554686325.782977
pc1,1554686325.828237
pc1,1554686325.877576
pc1,1554686325.923233
pc1,1554686325.967269
pc1,1554686326.011078
pc1,1554686326.058324
pc1,1554686326.105355
pc1,1554686326.153463
pc1,1554686326.200102
pc1,1554686326.243612
pc1,1554686326.28914
pc1,1554686326.336884
pc1,1554686326.385074
pc1,1554686326.42942
pc1,1554686326.476632
pc1,1554686326.52088
pc1,1554686326.564887
pc1,1554686326.615151
pc1,1554686326.658599
pc1,1554686326.703293
pc1,1554686326.750653
pc1,1554686326.79772
pc1,1554686326.842268
pc1,1554686326.935057
pc1,1554686326.98224
pc1,1554686327.027906
pc1,1554686327.075878
pc1,1554686327.12063
pc1,1554686327.168035
pc1,1554686327.214583
pc1,1554686327.259378
pc1,1554686327.306173
pc1,1554686327.352316
pc1,1554686332.929891
pc1,1554686332.979015
pc1,1554686333.255227
pc1,1554686333.304573
pc1,1554686335.182214
pc1,1554686335.234627
,1554686335.527858
,1554686335.572984
,1554686335.623483
,1554686335.671018
,1554686335.717884
,1554686335.766767
,1554686335.812666
,1554686335.863917
,1554686335.91891
,1554686335.968591
,1554686336.014985
,1554686336.062423
,1554686336.110871
,1554686336.157791
,1554686336.205348
,1554686336.250547
,1554686336.294737
,1554686336.342599
,1554686336.390185
,1554686336.436823
,1554686336.488091
,1554686336.533943
,1554686336.57946
,1554686336.623309
,1554686336.668956
,1554686336.718565
,1554686336.762815
,1554686336.808284
,1554686336.853671
,1554686336.90273
,1554686336.949476
,1554686336.999162
,1554686337.049291
,1554686337.095386
,1554686337.144605
,1554686337.192283
,1554686337.238887
,1554686337.284547
,1554686337.334886
,1554686337.38688
,1554686337.433704
,1554686337.479534
,1554686337.527015
,1554686337.58057
,1554686337.629297
,1554686337.678902
,1554686337.726927
,1554686337.775344
,1554686337.82368
,1554686337.871519
,1554686337.920035
,1554686337.966852
gc1,1554686338.013731
gc1,1554686338.063069
gc1,1554686338.112991
gc1,1554686338.160021
gc1,1554686338.207686
gc1,1554686338.254998
gc1,1554686338.587651
gc1,1554686338.634395
gc1,1554686338.68131
gc1,1554686338.730853
gc1,1554686338.834665
gc1,1554686338.929313
gc1,1554686338.974967
gc1,1554686339.020351
gc1,1554686339.065456
gc1,1554686339.110007
gc1,1554686339.154364
gc1,1554686339.199035
gc1,1554686339.244344
gc1,1554686339.28833
gc1,1554686339.333192
gc1,1554686339.377372
gc1,1554686339.423453
gc1,1554686339.468092
gc1,1554686339.512215
gc1,1554686339.556406
gc1,1554686339.599737
gc1,1554686339.643848
gc1,1554686339.868488
gc1,1554686339.913288
gc1,1554686339.957701
gc1,1554686340.003745
gc1,1554686340.048674
gc1,1554686340.092521
gc1,1554686340.143193
gc1,1554686340.188174
gc1,1554686340.234713
gc1,1554686340.28236
gc1,1554686340.327369
gc1,1554686340.378366
gc1,1554686340.425488
gc1,1554686340.47397
gc1,1554686340.520156
gc1,1554686340.56673
gc1,1554686340.61199
gc1,1554686340.663053
gc1,1554686340.709337
gc1,1554686341.046611
gc1,1554686341.278781
gc1,1554686341.331953
,1554686342.148834
,1554686342.195652
,1554686342.238241
,1554686342.802957
,1554686343.169912
,1554686343.216083
,1554686343.261136
,1554686343.39792
,1554686343.444376
,1554686343.49257
,1554686343.540376
,1554686343.587443
,1554686343.635749
,1554686343.683607
,1554686343.729438
,1554686343.775318
,1554686343.82781
,1554686344.011022
ch,1554686344.155176
ch,1554686344.199578
ch,1554686344.245722
ch,1554686344.425739
ch,1554686344.473212
ch,1554686344.612509
ch,1554686344.842458
ch,1554686344.88888
ch,1554686344.935764
ch,1554686344.980856
ch,1554686345.027024
ch,1554686345.118449
ch,1554686345.170471
ch,1554686345.217914
ch,1554686345.356652
ch,1554686345.400786
ch,1554686345.446352
ch,1554686345.496565
ch,1554686345.542305
ch,1554686345.586825
ch,1554686345.631398
ch,1554686345.677736
ch,1554686345.724999
ch,1554686345.769002
ch,1554686345.81425
ch,1554686345.856636
ch,1554686345.907564
ch,1554686345.953794
ch,1554686345.997492
ch,1554686346.041921
ch,1554686346.085967
ch,1554686346.132727
ch,1554686346.177496
ch,1554686346.222282
ch,1554686346.267229
ch,1554686346.312207
ch,1554686346.356473
ch,1554686346.401293
ch,1554686346.449609
,1554686346.492543
,1554686346.539902
,1554686346.587404
,1554686346.632305
,1554686346.676164
,1554686346.720569
,1554686346.765036
,1554686346.808552
,1554686346.853284
,1554686346.900648
,1554686346.948494
,1554686346.994349
,1554686347.043172
,1554686347.085696
,1554686347.129529
,1554686347.174037
,1554686347.218309
,1554686347.262995
,1554686347.307519
,1554686347.352385
,1554686347.397113
,1554686347.444061
,1554686347.489886
,1554686347.539725
,1554686347.585531
,1554686347.631206
,1554686347.677025
,1554686347.721482
,1554686347.766649
,1554686347.811492
,1554686347.856611
,1554686347.903703
,1554686347.949392
,1554686347.992224
,1554686348.039941
,1554686348.085567
,1554686348.131644
,1554686348.177761
,1554686348.223604
,1554686348.268057
,1554686348.31348
,1554686348.362906
,1554686348.408384
,1554686348.453659
,1554686348.498983
,1554686348.544617
,1554686348.590347
,1554686348.640292
,1554686348.684949
,1554686348.731073
,1554686348.775412
,1554686348.818984
,1554686348.866237
,1554686348.918193
,1554686348.962865
,1554686349.008006
,1554686349.052562
,1554686349.096543
,1554686349.14723
,1554686349.191379
,1554686349.235882
,1554686349.280016
,1554686349.327302
,1554686349.373904
,1554686349.421296
,1554686349.4657
,1554686349.509581
,1554686349.555299
,1554686349.603021
,1554686349.649241
,1554686349.693596
,1554686349.741908
,1554686349.788077
,1554686349.835818
,1554686349.880093
,1554686349.926476
,1554686349.972787
,1554686350.017539
,1554686350.062111
,1554686350.109028
,1554686350.154625
,1554686350.200279
,1554686350.246665
,1554686350.289857
,1554686350.333608
,1554686350.378272
,1554686350.42341
,1554686350.46774
,1554686350.514515
,1554686350.560721
,1554686350.607903
,1554686350.652658
,1554686350.698028
,1554686350.741353
,1554686350.78662
,1554686350.831459
,1554686350.879855
,1554686350.924668
,1554686350.971385
,1554686351.019984
,1554686351.065465
,1554686351.110478
,1554686351.154363
,1554686351.200781
,1554686351.245238
,1554686351.29384
,1554686351.339739
,1554686351.385287
,1554686351.430188
,1554686351.475058
,1554686351.519282
,1554686351.567
,1554686351.617028
,1554686351.705661
,1554686351.750826
,1554686351.793976
,1554686351.839356
,1554686351.888483
,1554686351.93397
,1554686351.979598
,1554686352.023328
,1554686352.067066
,1554686352.109979
,1554686352.156626
,1554686352.201423
,1554686352.244541
,1554686352.288051
,1554686352.332545
,1554686352.420084
,1554686352.507694
,1554686352.552626
,1554686352.595537
,1554686352.689658
,1554686352.7346
,1554686352.778605
,1554686352.82128
,1554686352.866023
,1554686352.915524
,1554686352.958151
,1554686353.000192
,1554686353.043221
,1554686353.088199
,1554686353.132607
,1554686353.180108
,1554686353.228606
,1554686353.273073
,1554686353.318145
,1554686353.362065
,1554686353.406235
,1554686353.451132
,1554686353.499818
,1554686353.544154
,1554686353.587816
,1554686353.631516
,1554686353.677017
,1554686353.720247
,1554686353.769675
,1554686353.815532
,1554686353.859935
,1554686353.908329
,1554686353.952793
,1554686353.996878
,1554686354.04172
,1554686354.088257
,1554686354.133051
,1554686354.177906
,1554686354.22227
,1554686354.270455
,1554686354.315805
,1554686354.360592
,1554686354.407958
,1554686354.455515
,1554686354.501164
,1554686354.545177
,1554686354.596593
,1554686354.645176
,1554686354.690191
,1554686354.734331
,1554686354.779528
,1554686354.831549
,1554686354.877582
,1554686354.922773
,1554686354.968547
ch,1554686355.013867
ch,1554686355.05921
ch,1554686355.105657
ch,1554686355.149987
ch,1554686355.643479
ch,1554686355.689644
ch,1554686356.187957
ch,1554686356.232535
ch,1554686356.275385
ch,1554686356.562286
ch,1554686356.616695
ch,1554686356.659767
ch,1554686356.708548
ch,1554686356.75272
ch,1554686356.797855
ch,1554686356.844247
ch,1554686356.888021
ch,1554686356.932456
ch,1554686356.978666
ch,1554686357.02607
ch,1554686357.073331
ch,1554686357.119064
ch,1554686357.16286
ch,1554686357.207158
ch,1554686357.252279
ch,1554686357.307675
ch,1554686357.353518
ch,1554686357.39816
ch,1554686357.471745
ch,1554686357.520048
ch,1554686357.567621
ch,1554686357.612709
ch,1554686357.66139
ch,1554686357.708372
ch,1554686357.75461
ch,1554686357.79991
ch,1554686357.846858
ch,1554686357.895024
ch,1554686357.943564
ch,1554686357.996237
ch,1554686358.042121
ch,1554686358.088067
ch,1554686358.134188
ch,1554686358.179045
ch,1554686358.223779
ch,1554686358.269245
ch,1554686358.31276
ch,1554686358.356528
ch,1554686358.404847
ch,1554686358.452462
ch,1554686358.499328
ch,1554686358.543673
ch,1554686358.591102
ch,1554686358.634736
ch,1554686358.68008
ch,1554686358.724571
ch,1554686358.768191
ch,1554686358.812223
ch,1554686358.858916
ch,1554686358.906447
ch,1554686358.95133
ch,1554686358.995082
ch,1554686359.039723
ch,1554686359.084377
ch,1554686359.134171
ch,1554686359.178585
ch,1554686359.221722
ch,1554686359.310291
ch,1554686359.398068
ch,1554686359.44104
ch,1554686359.488431
ch,1554686359.536106
ch,1554686359.580743
ch,1554686359.675931
ch,1554686359.721147
ch,1554686359.765593
ch,1554686359.81031
ch,1554686359.856156
ch,1554686359.905941
ch,1554686359.951524
ch,1554686359.99755
ch,1554686360.044362
ch,1554686360.088658
ch,1554686360.131585
ch,1554686360.176597
ch,1554686360.221483
ch,1554686360.266743
ch,1554686360.310602
ch,1554686360.40356
ch,1554686360.447262
ch,1554686360.495979
ch,1554686360.542447
ch,1554686360.586879
ch,1554686360.63406
ch,1554686360.678583
ch,1554686360.723083
ch,1554686360.770292
ch,1554686360.814945
ch,1554686360.87761
ch,1554686360.927205
ch,1554686360.977863
ch,1554686361.027118
ch,1554686361.073704
ch,1554686361.121359
ch,1554686361.168594
ch,1554686361.214174
ch,1554686361.261495
ch,1554686361.308626
ch,1554686361.351904
ch,1554686361.396574
ch,1554686361.443717
ch,1554686361.489479
ch,1554686361.534225
ch,1554686361.578484
ch,1554686361.622182
ch,1554686361.667565
ch,1554686361.712678
ch,1554686361.760228
ch,1554686361.804481
ch,1554686361.893804
ch,1554686361.945869
ch,1554686361.99413
ch,1554686362.038922
ch,1554686362.083376
ch,1554686362.127629
ch,1554686362.219284
ch,1554686362.261981
ch,1554686362.351327
ch,1554686362.397185
ch,1554686362.445426
ch,1554686362.488861
ch,1554686362.532919
ch,1554686362.579534
ch,1554686362.622825
ch,1554686362.667542
ch,1554686362.713974
ch,1554686362.762669
ch,1554686362.807982
ch,1554686362.852921
ch,1554686362.898204
ch,1554686362.942224
ch,1554686362.985405
ch,1554686363.033644
ch,1554686363.07801
ch,1554686363.12033
ch,1554686363.166035
ch,1554686363.210302
ch,1554686363.254733
ch,1554686363.302089
ch,1554686363.345182
ch,1554686363.391901
ch,1554686363.435102
ch,1554686363.47963
ch,1554686363.526765
ch,1554686363.571523
ch,1554686363.662837
ch,1554686363.707197
ch,1554686363.752014
ch,1554686363.79613
ch,1554686363.841351
ch,1554686363.887074
ch,1554686363.933209
ch,1554686363.977971
ch,1554686364.021028
ch,1554686364.065201
ch,1554686364.109342
ch,1554686364.155223
ch,1554686364.201827
ch,1554686364.246482
ch,1554686364.289112
ch,1554686364.334693
ch,1554686364.37838
ch,1554686364.511549
ch,1554686364.59884
ch,1554686364.642657
ch,1554686364.685498
ch,1554686364.72977
ch,1554686365.042696
ch,1554686365.084956
ch,1554686365.172551
ch,1554686365.35122
ch,1554686365.395922
ch,1554686365.441344
ch,1554686365.484969
ch,1554686365.616019
ch,1554686365.660941
ch,1554686365.706365
ch,1554686365.752359
ch,1554686365.796142
ch,1554686365.842025
ch,1554686365.887944
ch,1554686365.938932
ch,1554686366.024954
ch,1554686366.069923
ch,1554686366.205759
ch,1554686366.29101
ch,1554686366.383844
ch,1554686366.427286
ch,1554686366.476303
ch,1554686366.520549
ch,1554686366.564407
ch,1554686367.146686
ch,1554686367.190287
ch,1554686367.366747
ch,1554686367.412038
ch,1554686367.543514
ch,1554686367.586467
ch,1554686367.631638
ch,1554686367.678704
ch,1554686367.721605
ch,1554686367.766426
ch,1554686367.80923
ch,1554686367.856151
ch,1554686367.903808
ch,1554686367.949431
ch,1554686367.993771
ch,1554686368.041172
ch,1554686368.086189
ch,1554686368.179522
ch,1554686368.223594
ch,1554686368.2737
ch,1554686368.318188
ch,1554686368.363257
ch,1554686368.411172
ch,1554686368.454656
ch,1554686368.548078
ch,1554686368.59124
ch,1554686368.724244
ch,1554686368.767247
ch,1554686368.811077
ch,1554686368.854251
ch,1554686368.901693
ch,1554686368.947859
ch,1554686369.038428
ch,1554686369.082465
ch,1554686369.12627
ch,1554686369.171777
ch,1554686369.260934
ch,1554686369.304032
ch,1554686369.351627
ch,1554686369.440672
ch,1554686369.48637
ch,1554686369.534203
ch,1554686369.582148
ch,1554686369.668134
ch,1554686369.712993
ch,1554686369.758899
ch,1554686369.803141
ch,1554686369.899322
ch,1554686369.944107
ch,1554686369.987087
ch,1554686370.073756
ch,1554686370.117351
ch,1554686370.163125
ch,1554686370.256211
ch,1554686370.390583
ch,1554686370.440072
ch,1554686370.484839
ch,1554686370.529585
ch,1554686370.574377
ch,1554686370.618993
ch,1554686370.711685
ch,1554686370.754909
ch,1554686370.798847
ch,1554686370.84271
ch,1554686370.889459
ch,1554686370.939636
ch,1554686370.982533
ch,1554686371.026471
ch,1554686371.07336
ch,1554686371.1175
ch,1554686371.161937
ch,1554686371.209316
ch,1554686371.255621
ch,1554686371.299447
ch,1554686371.343518
ch,1554686371.387824
ch,1554686371.432884
ch,1554686371.478722
ch,1554686371.526692
ch,1554686371.57379
ch,1554686371.620311
ch,1554686371.666324
ch,1554686371.716045
ch,1554686371.762444
ch,1554686371.806822
ch,1554686371.856472
ch,1554686371.902214
ch,1554686371.947539
ch,1554686371.998726
ch,1554686372.043003
ch,1554686372.088734
ch,1554686372.134408
ch,1554686372.176978
ch,1554686372.219799
ch,1554686372.357276
ch,1554686372.405191
ch,1554686372.453476
ch,1554686372.502785
ch,1554686372.546915
ch,1554686372.590391
ch,1554686372.633676
ch,1554686372.677433
ch,1554686372.721435
ch,1554686378.413307
ch,1554686378.489298
ch,1554686378.533726
ch,1554686378.58166
ch,1554686378.632715
ch,1554686378.678321
ch,1554686378.725532
ch,1554686378.81814
ch,1554686378.866118
ch,1554686378.911171
ch,1554686378.957906
ch,1554686379.006081
ch,1554686379.289416
ch,1554686379.33465
ch,1554686379.428884
ch,1554686379.522244
ch,1554686379.569056
ch,1554686379.614745
ch,1554686379.661225
ch,1554686379.708168
reset,1554686389.741586
reset,1554686389.78606
reset,1554686390.010674
reset,1554686390.651947
reset,1554686390.898928
reset,1554686390.944557
reset,1554686391.267905
reset,1554686391.311781
reset,1554686391.36229
reset,1554686391.406773
reset,1554686391.452117
reset,1554686391.497682
reset,1554686391.541873
reset,1554686391.585751
reset,1554686391.631955
reset,1554686391.683624
reset,1554686391.730986
reset,1554686391.779967
reset,1554686391.826754
reset,1554686391.87393
reset,1554686391.922441
reset,1554686391.969316
reset,1554686392.147339
reset,1554686393.534355
reset,1554686393.628252
reset,1554686393.674648
reset,1554686393.720457
reset,1554686393.766108
reset,1554686393.818733
reset,1554686393.869222
reset,1554686393.915316
reset,1554686393.960784
reset,1554686394.008992
reset,1554686394.060443
reset,1554686394.107494
reset,1554686394.157457
reset,1554686394.20378
reset,1554686394.255484
reset,1554686394.308252
reset,1554686394.354266
reset,1554686394.400965
reset,1554686394.450755
reset,1554686394.497037
reset,1554686394.545844
reset,1554686394.595218
reset,1554686394.64077
reset,1554686394.687012
reset,1554686394.739861
reset,1554686394.786859
reset,1554686394.833127
reset,1554686394.881861
reset,1554686394.928056
reset,1554686394.974926
reset,1554686395.023438
reset,1554686395.0727
reset,1554686395.122967
reset,1554686395.166093
reset,1554686395.210752
reset,1554686395.255053
reset,1554686395.306461
reset,1554686395.356967
reset,1554686395.403106
reset,1554686395.448796
reset,1554686395.49448
reset,1554686395.543054
reset,1554686395.590979
reset,1554686395.638108
reset,1554686395.684678
reset,1554686395.730861
reset,1554686395.777195
reset,1554686395.878951
reset,1554686395.973073
reset,1554686396.574309
reset,1554686398.738923
reset,1554686398.783696
reset,1554686398.921114
reset,1554686399.55007
reset,1554686399.724598
reset,1554686399.770145
reset,1554686399.858808
reset,1554686403.188304
reset,1554686403.240102
reset,1554686403.285023
reset,1554686403.332177
reset,1554686403.381617
reset,1554686403.430181
reset,1554686403.484212
reset,1554686403.530564
reset,1554686403.625089
reset,1554686403.673443
reset,1554686403.720321
reset,1554686403.771224
gc1,1554686403.817183
gc1,1554686403.868266
gc1,1554686403.914024
gc1,1554686403.960565
gc1,1554686404.00691
gc1,1554686404.523355
gc1,1554686404.569346
gc1,1554686404.615486
gc1,1554686404.668017
gc1,1554686404.713235
gc1,1554686404.760272
gc1,1554686404.808773
gc1,1554686404.856381
gc1,1554686404.953578
gc1,1554686404.998326
gc1,1554686405.044923
gc1,1554686405.143665
gc1,1554686405.195316
gc1,1554686405.242361
gc1,1554686405.28757
gc1,1554686405.334069
gc1,1554686405.381141
gc1,1554686405.42886
gc1,1554686405.478181
gc1,1554686405.527807
gc1,1554686405.578949
gc1,1554686405.629238
gc1,1554686405.676519
gc1,1554686405.726189
gc1,1554686405.773286
gc1,1554686405.824369
gc1,1554686405.873361
gc1,1554686405.923174
gc1,1554686405.994704
gc1,1554686406.046281
gc1,1554686406.088682
gc1,1554686406.137788
gc1,1554686406.203635
gc1,1554686406.252761
gc1,1554686406.300421
gc1,1554686406.351303
gc1,1554686406.400526
gc1,1554686406.450302
gc1,1554686406.49953
gc1,1554686406.549065
gc1,1554686406.595689
gc1,1554686406.643122
gc1,1554686406.690435
gc1,1554686406.736883
gc1,1554686406.783692
gc1,1554686406.832252
gc1,1554686406.882116
gc1,1554686406.933112
gc1,1554686406.981176
gc1,1554686407.028642
gc1,1554686407.095087
ch,1554686407.150319
ch,1554686407.197872
ch,1554686407.247112
ch,1554686407.294263
ch,1554686407.346021
ch,1554686407.396079
ch,1554686407.446451
ch,1554686407.496653
ch,1554686407.546295
ch,1554686407.595125
ch,1554686407.644329
ch,1554686407.695327
ch,1554686407.790255
ch,1554686407.836774
ch,1554686407.885884
ch,1554686407.935589
ch,1554686407.983655
pc1,1554686410.801662
pc1,1554686410.848411
pc1,1554686410.904718
pc1,1554686410.951912
pc1,1554686410.99781
pc1,1554686411.047445
pc1,1554686411.095141
pc1,1554686411.141586
pc1,1554686411.188059
pc1,1554686411.237873
pc1,1554686411.287476
pc1,1554686411.335047
pc1,1554686411.38203
pc1,1554686411.710826
pc1,1554686411.75919
pc1,1554686411.810211
pc1,1554686411.856222
pc1,1554686412.243873
pc1,1554686412.289686
pc1,1554686412.335252
pc1,1554686412.389381
pc1,1554686412.43469
pc1,1554686412.479444
pc1,1554686412.527152
pc1,1554686414.07131
pc1,1554686414.1193
pc1,1554686414.164123
pc1,1554686414.207541
pc1,1554686414.26017
pc1,1554686414.309174
pc1,1554686414.357953
pc1,1554686414.402594
pc1,1554686414.448347
pc1,1554686414.500031
pc1,1554686414.544675
,1554686414.591949
,1554686414.643215
,1554686414.687998
,1554686414.732323
,1554686414.87411
,1554686414.92013
,1554686415.009779
,1554686415.053863
,1554686415.141428
,1554686415.185054
,1554686415.231954
,1554686415.277039
,1554686415.374237
,1554686415.467043
,1554686415.878937
,1554686415.923537
,1554686415.968264
,1554686416.692845
,1554686416.831998
,1554686416.924389
oh,1554686417.061121
oh,1554686417.153399
oh,1554686417.285786
